source_column,feature_name,keep,source_order,feature_order,unit_type,drop_first,is_reference,reference_level,level_value,ordinal_levels,source_prior
S_src00000,S_src00000,True,0,0,continuous,False,False,,,,
S_src00001,S_src00001,True,1,0,continuous,False,False,,,,
S_src00002,S_src00002,True,2,0,continuous,False,False,,,,
S_src00003,S_src00003,True,3,0,continuous,False,False,,,,
S_src00004,S_src00004,True,4,0,continuous,False,False,,,,
S_src00005,S_src00005,True,5,0,continuous,False,False,,,,
S_src00006,S_src00006,True,6,0,continuous,False,False,,,,
S_src00007,S_src00007,True,7,0,continuous,False,False,,,,
S_src00008,S_src00008,True,8,0,continuous,False,False,,,,
S_src00009,S_src00009,True,9,0,continuous,False,False,,,,
S_src00010,S_src00010,True,10,0,continuous,False,False,,,,
S_src00011,S_src00011,True,11,0,continuous,False,False,,,,
S_src00012,S_src00012,True,12,0,continuous,False,False,,,,
S_src00013,S_src00013,True,13,0,continuous,False,False,,,,
S_src00014,S_src00014,True,14,0,continuous,False,False,,,,
S_src00015,S_src00015,True,15,0,continuous,False,False,,,,
S_src00016,S_src00016,True,16,0,continuous,False,False,,,,
S_src00017,S_src00017,True,17,0,continuous,False,False,,,,
S_src00018,S_src00018,True,18,0,continuous,False,False,,,,
S_src00019,S_src00019,True,19,0,continuous,False,False,,,,
S_src00020,S_src00020,True,20,0,continuous,False,False,,,,
S_src00021,S_src00021,True,21,0,continuous,False,False,,,,
S_src00022,S_src00022,True,22,0,continuous,False,False,,,,
S_src00023,S_src00023,True,23,0,continuous,False,False,,,,
S_src00024,S_src00024,True,24,0,continuous,False,False,,,,
S_src00025,S_src00025,True,25,0,continuous,False,False,,,,
S_src00026,S_src00026,True,26,0,continuous,False,False,,,,
S_src00027,S_src00027,True,27,0,continuous,False,False,,,,
S_src00028,S_src00028,True,28,0,continuous,False,False,,,,
S_src00029,S_src00029,True,29,0,continuous,False,False,,,,
S_src00030,S_src00030,True,30,0,continuous,False,False,,,,
S_src00031,S_src00031,True,31,0,continuous,False,False,,,,
S_src00032,S_src00032,True,32,0,continuous,False,False,,,,
S_src00033,S_src00033,True,33,0,continuous,False,False,,,,
S_src00034,S_src00034,True,34,0,continuous,False,False,,,,
S_src00035,S_src00035,True,35,0,continuous,False,False,,,,
S_src00036,S_src00036,True,36,0,continuous,False,False,,,,
S_src00037,S_src00037,True,37,0,continuous,False,False,,,,
S_src00038,S_src00038,True,38,0,continuous,False,False,,,,
S_src00039,S_src00039,True,39,0,continuous,False,False,,,,
S_src00040,S_src00040,True,40,0,continuous,False,False,,,,
S_src00041,S_src00041,True,41,0,continuous,False,False,,,,
S_src00042,S_src00042,True,42,0,continuous,False,False,,,,
S_src00043,S_src00043,True,43,0,continuous,False,False,,,,
S_src00044,S_src00044,True,44,0,continuous,False,False,,,,
S_src00045,S_src00045,True,45,0,continuous,False,False,,,,
S_src00046,S_src00046,True,46,0,continuous,False,False,,,,
S_src00047,S_src00047,True,47,0,continuous,False,False,,,,
S_src00048,S_src00048,True,48,0,continuous,False,False,,,,
S_src00049,S_src00049,True,49,0,continuous,False,False,,,,
S_src00050,S_src00050,True,50,0,continuous,False,False,,,,
S_src00051,S_src00051,True,51,0,continuous,False,False,,,,
S_src00052,S_src00052,True,52,0,continuous,False,False,,,,
S_src00053,S_src00053,True,53,0,continuous,False,False,,,,
S_src00054,S_src00054,True,54,0,continuous,False,False,,,,
S_src00055,S_src00055,True,55,0,continuous,False,False,,,,
S_src00056,S_src00056,True,56,0,continuous,False,False,,,,
S_src00057,S_src00057,True,57,0,continuous,False,False,,,,
S_src00058,S_src00058,True,58,0,continuous,False,False,,,,
S_src00059,S_src00059,True,59,0,continuous,False,False,,,,
S_src00060,S_src00060,True,60,0,continuous,False,False,,,,
S_src00061,S_src00061,True,61,0,continuous,False,False,,,,
S_src00062,S_src00062,True,62,0,continuous,False,False,,,,
S_src00063,S_src00063,True,63,0,continuous,False,False,,,,
S_src00064,S_src00064,True,64,0,continuous,False,False,,,,
S_src00065,S_src00065,True,65,0,continuous,False,False,,,,
S_src00066,S_src00066,True,66,0,continuous,False,False,,,,
S_src00067,S_src00067,True,67,0,continuous,False,False,,,,
S_src00068,S_src00068,True,68,0,continuous,False,False,,,,
S_src00069,S_src00069,True,69,0,continuous,False,False,,,,
S_src00070,S_src00070,True,70,0,continuous,False,False,,,,
S_src00071,S_src00071,True,71,0,continuous,False,False,,,,
S_src00072,S_src00072,True,72,0,continuous,False,False,,,,
S_src00073,S_src00073,True,73,0,continuous,False,False,,,,
S_src00074,S_src00074,True,74,0,continuous,False,False,,,,
S_src00075,S_src00075,True,75,0,continuous,False,False,,,,
S_src00076,S_src00076,True,76,0,continuous,False,False,,,,
S_src00077,S_src00077,True,77,0,continuous,False,False,,,,
S_src00078,S_src00078,True,78,0,continuous,False,False,,,,
S_src00079,S_src00079,True,79,0,continuous,False,False,,,,
S_src00080,S_src00080,True,80,0,continuous,False,False,,,,
S_src00081,S_src00081,True,81,0,continuous,False,False,,,,
S_src00082,S_src00082,True,82,0,continuous,False,False,,,,
S_src00083,S_src00083,True,83,0,continuous,False,False,,,,
S_src00084,S_src00084,True,84,0,continuous,False,False,,,,
S_src00085,S_src00085,True,85,0,continuous,False,False,,,,
S_src00086,S_src00086,True,86,0,continuous,False,False,,,,
S_src00087,S_src00087,True,87,0,continuous,False,False,,,,
S_src00088,S_src00088,True,88,0,continuous,False,False,,,,
S_src00089,S_src00089,True,89,0,continuous,False,False,,,,
S_src00090,S_src00090,True,90,0,continuous,False,False,,,,
S_src00091,S_src00091,True,91,0,continuous,False,False,,,,
S_src00092,S_src00092,True,92,0,continuous,False,False,,,,
S_src00093,S_src00093,True,93,0,continuous,False,False,,,,
S_src00094,S_src00094,True,94,0,continuous,False,False,,,,
S_src00095,S_src00095,True,95,0,continuous,False,False,,,,
S_src00096,S_src00096,True,96,0,continuous,False,False,,,,
S_src00097,S_src00097,True,97,0,continuous,False,False,,,,
S_src00098,S_src00098,True,98,0,continuous,False,False,,,,
S_src00099,S_src00099,True,99,0,continuous,False,False,,,,
S_src00100,S_src00100,True,100,0,continuous,False,False,,,,
S_src00101,S_src00101,True,101,0,continuous,False,False,,,,
S_src00102,S_src00102,True,102,0,continuous,False,False,,,,
S_src00103,S_src00103,True,103,0,continuous,False,False,,,,
S_src00104,S_src00104,True,104,0,continuous,False,False,,,,
S_src00105,S_src00105,True,105,0,continuous,False,False,,,,
S_src00106,S_src00106,True,106,0,continuous,False,False,,,,
S_src00107,S_src00107,True,107,0,continuous,False,False,,,,
S_src00108,S_src00108,True,108,0,continuous,False,False,,,,
S_src00109,S_src00109,True,109,0,continuous,False,False,,,,
S_src00110,S_src00110,True,110,0,continuous,False,False,,,,
S_src00111,S_src00111,True,111,0,continuous,False,False,,,,
S_src00112,S_src00112,True,112,0,continuous,False,False,,,,
S_src00113,S_src00113,True,113,0,continuous,False,False,,,,
S_src00114,S_src00114,True,114,0,continuous,False,False,,,,
S_src00115,S_src00115,True,115,0,continuous,False,False,,,,
S_src00116,S_src00116,True,116,0,continuous,False,False,,,,
S_src00117,S_src00117,True,117,0,continuous,False,False,,,,
S_src00118,S_src00118,True,118,0,continuous,False,False,,,,
S_src00119,S_src00119,True,119,0,continuous,False,False,,,,
S_src00120,S_src00120,True,120,0,continuous,False,False,,,,
S_src00121,S_src00121,True,121,0,continuous,False,False,,,,
S_src00122,S_src00122,True,122,0,continuous,False,False,,,,
S_src00123,S_src00123,True,123,0,continuous,False,False,,,,
S_src00124,S_src00124,True,124,0,continuous,False,False,,,,
S_src00125,S_src00125,True,125,0,continuous,False,False,,,,
S_src00126,S_src00126,True,126,0,continuous,False,False,,,,
S_src00127,S_src00127,True,127,0,continuous,False,False,,,,
S_src00128,S_src00128,True,128,0,continuous,False,False,,,,
S_src00129,S_src00129,True,129,0,continuous,False,False,,,,
S_src00130,S_src00130,True,130,0,continuous,False,False,,,,
S_src00131,S_src00131,True,131,0,continuous,False,False,,,,
S_src00132,S_src00132,True,132,0,continuous,False,False,,,,
S_src00133,S_src00133,True,133,0,continuous,False,False,,,,
S_src00134,S_src00134,True,134,0,continuous,False,False,,,,
S_src00135,S_src00135,True,135,0,continuous,False,False,,,,
S_src00136,S_src00136,True,136,0,continuous,False,False,,,,
S_src00137,S_src00137,True,137,0,continuous,False,False,,,,
S_src00138,S_src00138,True,138,0,continuous,False,False,,,,
S_src00139,S_src00139,True,139,0,continuous,False,False,,,,
S_src00140,S_src00140,True,140,0,continuous,False,False,,,,
S_src00141,S_src00141,True,141,0,continuous,False,False,,,,
S_src00142,S_src00142,True,142,0,continuous,False,False,,,,
S_src00143,S_src00143,True,143,0,continuous,False,False,,,,
S_src00144,S_src00144,True,144,0,continuous,False,False,,,,
S_src00145,S_src00145,True,145,0,continuous,False,False,,,,
S_src00146,S_src00146,True,146,0,continuous,False,False,,,,
S_src00147,S_src00147,True,147,0,continuous,False,False,,,,
S_src00148,S_src00148,True,148,0,continuous,False,False,,,,
S_src00149,S_src00149,True,149,0,continuous,False,False,,,,
S_src00150,S_src00150,True,150,0,continuous,False,False,,,,
S_src00151,S_src00151,True,151,0,continuous,False,False,,,,
S_src00152,S_src00152,True,152,0,continuous,False,False,,,,
S_src00153,S_src00153,True,153,0,continuous,False,False,,,,
S_src00154,S_src00154,True,154,0,continuous,False,False,,,,
S_src00155,S_src00155,True,155,0,continuous,False,False,,,,
S_src00156,S_src00156,True,156,0,continuous,False,False,,,,
S_src00157,S_src00157,True,157,0,continuous,False,False,,,,
S_src00158,S_src00158,True,158,0,continuous,False,False,,,,
S_src00159,S_src00159,True,159,0,continuous,False,False,,,,
S_src00160,S_src00160,True,160,0,continuous,False,False,,,,
S_src00161,S_src00161,True,161,0,continuous,False,False,,,,
S_src00162,S_src00162,True,162,0,continuous,False,False,,,,
S_src00163,S_src00163,True,163,0,continuous,False,False,,,,
S_src00164,S_src00164,True,164,0,continuous,False,False,,,,
S_src00165,S_src00165,True,165,0,continuous,False,False,,,,
S_src00166,S_src00166,True,166,0,continuous,False,False,,,,
S_src00167,S_src00167,True,167,0,continuous,False,False,,,,
S_src00168,S_src00168,True,168,0,continuous,False,False,,,,
S_src00169,S_src00169,True,169,0,continuous,False,False,,,,
S_src00170,S_src00170,True,170,0,continuous,False,False,,,,
S_src00171,S_src00171,True,171,0,continuous,False,False,,,,
S_src00172,S_src00172,True,172,0,continuous,False,False,,,,
S_src00173,S_src00173,True,173,0,continuous,False,False,,,,
S_src00174,S_src00174,True,174,0,continuous,False,False,,,,
S_src00175,S_src00175,True,175,0,continuous,False,False,,,,
S_src00176,S_src00176,True,176,0,continuous,False,False,,,,
S_src00177,S_src00177,True,177,0,continuous,False,False,,,,
S_src00178,S_src00178,True,178,0,continuous,False,False,,,,
S_src00179,S_src00179,True,179,0,continuous,False,False,,,,
S_src00180,S_src00180,True,180,0,continuous,False,False,,,,
S_src00181,S_src00181,True,181,0,continuous,False,False,,,,
S_src00182,S_src00182,True,182,0,continuous,False,False,,,,
S_src00183,S_src00183,True,183,0,continuous,False,False,,,,
S_src00184,S_src00184,True,184,0,continuous,False,False,,,,
S_src00185,S_src00185,True,185,0,continuous,False,False,,,,
S_src00186,S_src00186,True,186,0,continuous,False,False,,,,
S_src00187,S_src00187,True,187,0,continuous,False,False,,,,
S_src00188,S_src00188,True,188,0,continuous,False,False,,,,
S_src00189,S_src00189,True,189,0,continuous,False,False,,,,
S_src00190,S_src00190,True,190,0,continuous,False,False,,,,
S_src00191,S_src00191,True,191,0,continuous,False,False,,,,
S_src00192,S_src00192,True,192,0,continuous,False,False,,,,
S_src00193,S_src00193,True,193,0,continuous,False,False,,,,
S_src00194,S_src00194,True,194,0,continuous,False,False,,,,
S_src00195,S_src00195,True,195,0,continuous,False,False,,,,
S_src00196,S_src00196,True,196,0,continuous,False,False,,,,
S_src00197,S_src00197,True,197,0,continuous,False,False,,,,
S_src00198,S_src00198,True,198,0,continuous,False,False,,,,
S_src00199,S_src00199,True,199,0,continuous,False,False,,,,
S_src00200,S_src00200,True,200,0,continuous,False,False,,,,
S_src00201,S_src00201,True,201,0,continuous,False,False,,,,
S_src00202,S_src00202,True,202,0,continuous,False,False,,,,
S_src00203,S_src00203,True,203,0,continuous,False,False,,,,
S_src00204,S_src00204,True,204,0,continuous,False,False,,,,
S_src00205,S_src00205,True,205,0,continuous,False,False,,,,
S_src00206,S_src00206,True,206,0,continuous,False,False,,,,
S_src00207,S_src00207,True,207,0,continuous,False,False,,,,
S_src00208,S_src00208,True,208,0,continuous,False,False,,,,
S_src00209,S_src00209,True,209,0,continuous,False,False,,,,
S_src00210,S_src00210,True,210,0,continuous,False,False,,,,
S_src00211,S_src00211,True,211,0,continuous,False,False,,,,
S_src00212,S_src00212,True,212,0,continuous,False,False,,,,
S_src00213,S_src00213,True,213,0,continuous,False,False,,,,
S_src00214,S_src00214,True,214,0,continuous,False,False,,,,
S_src00215,S_src00215,True,215,0,continuous,False,False,,,,
S_src00216,S_src00216,True,216,0,continuous,False,False,,,,
S_src00217,S_src00217,True,217,0,continuous,False,False,,,,
S_src00218,S_src00218,True,218,0,continuous,False,False,,,,
S_src00219,S_src00219,True,219,0,continuous,False,False,,,,
S_src00220,S_src00220,True,220,0,continuous,False,False,,,,
S_src00221,S_src00221,True,221,0,continuous,False,False,,,,
S_src00222,S_src00222,True,222,0,continuous,False,False,,,,
S_src00223,S_src00223,True,223,0,continuous,False,False,,,,
S_src00224,S_src00224,True,224,0,continuous,False,False,,,,
S_src00225,S_src00225,True,225,0,continuous,False,False,,,,
S_src00226,S_src00226,True,226,0,continuous,False,False,,,,
S_src00227,S_src00227,True,227,0,continuous,False,False,,,,
S_src00228,S_src00228,True,228,0,continuous,False,False,,,,
S_src00229,S_src00229,True,229,0,continuous,False,False,,,,
S_src00230,S_src00230,True,230,0,continuous,False,False,,,,
S_src00231,S_src00231,True,231,0,continuous,False,False,,,,
S_src00232,S_src00232,True,232,0,continuous,False,False,,,,
S_src00233,S_src00233,True,233,0,continuous,False,False,,,,
S_src00234,S_src00234,True,234,0,continuous,False,False,,,,
S_src00235,S_src00235,True,235,0,continuous,False,False,,,,
S_src00236,S_src00236,True,236,0,continuous,False,False,,,,
S_src00237,S_src00237,True,237,0,continuous,False,False,,,,
S_src00238,S_src00238,True,238,0,continuous,False,False,,,,
S_src00239,S_src00239,True,239,0,continuous,False,False,,,,
S_src00240,S_src00240,True,240,0,continuous,False,False,,,,
S_src00241,S_src00241,True,241,0,continuous,False,False,,,,
S_src00242,S_src00242,True,242,0,continuous,False,False,,,,
S_src00243,S_src00243,True,243,0,continuous,False,False,,,,
S_src00244,S_src00244,True,244,0,continuous,False,False,,,,
S_src00245,S_src00245,True,245,0,continuous,False,False,,,,
S_src00246,S_src00246,True,246,0,continuous,False,False,,,,
S_src00247,S_src00247,True,247,0,continuous,False,False,,,,
S_src00248,S_src00248,True,248,0,continuous,False,False,,,,
S_src00249,S_src00249,True,249,0,continuous,False,False,,,,
S_src00250,S_src00250,True,250,0,continuous,False,False,,,,
S_src00251,S_src00251,True,251,0,continuous,False,False,,,,
S_src00252,S_src00252,True,252,0,continuous,False,False,,,,
S_src00253,S_src00253,True,253,0,continuous,False,False,,,,
S_src00254,S_src00254,True,254,0,continuous,False,False,,,,
S_src00255,S_src00255,True,255,0,continuous,False,False,,,,
S_src00256,S_src00256,True,256,0,continuous,False,False,,,,
S_src00257,S_src00257,True,257,0,continuous,False,False,,,,
S_src00258,S_src00258,True,258,0,continuous,False,False,,,,
S_src00259,S_src00259,True,259,0,continuous,False,False,,,,
S_src00260,S_src00260,True,260,0,continuous,False,False,,,,
S_src00261,S_src00261,True,261,0,continuous,False,False,,,,
S_src00262,S_src00262,True,262,0,continuous,False,False,,,,
S_src00263,S_src00263,True,263,0,continuous,False,False,,,,
S_src00264,S_src00264,True,264,0,continuous,False,False,,,,
S_src00265,S_src00265,True,265,0,continuous,False,False,,,,
S_src00266,S_src00266,True,266,0,continuous,False,False,,,,
S_src00267,S_src00267,True,267,0,continuous,False,False,,,,
S_src00268,S_src00268,True,268,0,continuous,False,False,,,,
S_src00269,S_src00269,True,269,0,continuous,False,False,,,,
S_src00270,S_src00270,True,270,0,continuous,False,False,,,,
S_src00271,S_src00271,True,271,0,continuous,False,False,,,,
S_src00272,S_src00272,True,272,0,continuous,False,False,,,,
S_src00273,S_src00273,True,273,0,continuous,False,False,,,,
S_src00274,S_src00274,True,274,0,continuous,False,False,,,,
S_src00275,S_src00275,True,275,0,continuous,False,False,,,,
S_src00276,S_src00276,True,276,0,continuous,False,False,,,,
S_src00277,S_src00277,True,277,0,continuous,False,False,,,,
S_src00278,S_src00278,True,278,0,continuous,False,False,,,,
S_src00279,S_src00279,True,279,0,continuous,False,False,,,,
S_src00280,S_src00280,True,280,0,continuous,False,False,,,,
S_src00281,S_src00281,True,281,0,continuous,False,False,,,,
S_src00282,S_src00282,True,282,0,continuous,False,False,,,,
S_src00283,S_src00283,True,283,0,continuous,False,False,,,,
S_src00284,S_src00284,True,284,0,continuous,False,False,,,,
S_src00285,S_src00285,True,285,0,continuous,False,False,,,,
S_src00286,S_src00286,True,286,0,continuous,False,False,,,,
S_src00287,S_src00287,True,287,0,continuous,False,False,,,,
S_src00288,S_src00288,True,288,0,continuous,False,False,,,,
S_src00289,S_src00289,True,289,0,continuous,False,False,,,,
S_src00290,S_src00290,True,290,0,continuous,False,False,,,,
S_src00291,S_src00291,True,291,0,continuous,False,False,,,,
S_src00292,S_src00292,True,292,0,continuous,False,False,,,,
S_src00293,S_src00293,True,293,0,continuous,False,False,,,,
S_src00294,S_src00294,True,294,0,continuous,False,False,,,,
S_src00295,S_src00295,True,295,0,continuous,False,False,,,,
S_src00296,S_src00296,True,296,0,continuous,False,False,,,,
S_src00297,S_src00297,True,297,0,continuous,False,False,,,,
S_src00298,S_src00298,True,298,0,continuous,False,False,,,,
S_src00299,S_src00299,True,299,0,continuous,False,False,,,,
S_src00300,S_src00300,True,300,0,continuous,False,False,,,,
S_src00301,S_src00301,True,301,0,continuous,False,False,,,,
S_src00302,S_src00302,True,302,0,continuous,False,False,,,,
S_src00303,S_src00303,True,303,0,continuous,False,False,,,,
S_src00304,S_src00304,True,304,0,continuous,False,False,,,,
S_src00305,S_src00305,True,305,0,continuous,False,False,,,,
S_src00306,S_src00306,True,306,0,continuous,False,False,,,,
S_src00307,S_src00307,True,307,0,continuous,False,False,,,,
S_src00308,S_src00308,True,308,0,continuous,False,False,,,,
S_src00309,S_src00309,True,309,0,continuous,False,False,,,,
S_src00310,S_src00310,True,310,0,continuous,False,False,,,,
S_src00311,S_src00311,True,311,0,continuous,False,False,,,,
S_src00312,S_src00312,True,312,0,continuous,False,False,,,,
S_src00313,S_src00313,True,313,0,continuous,False,False,,,,
S_src00314,S_src00314,True,314,0,continuous,False,False,,,,
S_src00315,S_src00315,True,315,0,continuous,False,False,,,,
S_src00316,S_src00316,True,316,0,continuous,False,False,,,,
S_src00317,S_src00317,True,317,0,continuous,False,False,,,,
S_src00318,S_src00318,True,318,0,continuous,False,False,,,,
S_src00319,S_src00319,True,319,0,continuous,False,False,,,,
S_src00320,S_src00320,True,320,0,continuous,False,False,,,,
S_src00321,S_src00321,True,321,0,continuous,False,False,,,,
S_src00322,S_src00322,True,322,0,continuous,False,False,,,,
S_src00323,S_src00323,True,323,0,continuous,False,False,,,,
S_src00324,S_src00324,True,324,0,continuous,False,False,,,,
S_src00325,S_src00325,True,325,0,continuous,False,False,,,,
S_src00326,S_src00326,True,326,0,continuous,False,False,,,,
S_src00327,S_src00327,True,327,0,continuous,False,False,,,,
S_src00328,S_src00328,True,328,0,continuous,False,False,,,,
S_src00329,S_src00329,True,329,0,continuous,False,False,,,,
S_src00330,S_src00330,True,330,0,continuous,False,False,,,,
S_src00331,S_src00331,True,331,0,continuous,False,False,,,,
S_src00332,S_src00332,True,332,0,continuous,False,False,,,,
S_src00333,S_src00333,True,333,0,continuous,False,False,,,,
S_src00334,S_src00334,True,334,0,continuous,False,False,,,,
S_src00335,S_src00335,True,335,0,continuous,False,False,,,,
S_src00336,S_src00336,True,336,0,continuous,False,False,,,,
S_src00337,S_src00337,True,337,0,continuous,False,False,,,,
S_src00338,S_src00338,True,338,0,continuous,False,False,,,,
S_src00339,S_src00339,True,339,0,continuous,False,False,,,,
S_src00340,S_src00340,True,340,0,continuous,False,False,,,,
S_src00341,S_src00341,True,341,0,continuous,False,False,,,,
S_src00342,S_src00342,True,342,0,continuous,False,False,,,,
S_src00343,S_src00343,True,343,0,continuous,False,False,,,,
S_src00344,S_src00344,True,344,0,continuous,False,False,,,,
S_src00345,S_src00345,True,345,0,continuous,False,False,,,,
S_src00346,S_src00346,True,346,0,continuous,False,False,,,,
S_src00347,S_src00347,True,347,0,continuous,False,False,,,,
S_src00348,S_src00348,True,348,0,continuous,False,False,,,,
S_src00349,S_src00349,True,349,0,continuous,False,False,,,,
S_src00350,S_src00350,True,350,0,continuous,False,False,,,,
S_src00351,S_src00351,True,351,0,continuous,False,False,,,,
S_src00352,S_src00352,True,352,0,continuous,False,False,,,,
S_src00353,S_src00353,True,353,0,continuous,False,False,,,,
S_src00354,S_src00354,True,354,0,continuous,False,False,,,,
S_src00355,S_src00355,True,355,0,continuous,False,False,,,,
S_src00356,S_src00356,True,356,0,continuous,False,False,,,,
S_src00357,S_src00357,True,357,0,continuous,False,False,,,,
S_src00358,S_src00358,True,358,0,continuous,False,False,,,,
S_src00359,S_src00359,True,359,0,continuous,False,False,,,,
S_src00360,S_src00360,True,360,0,continuous,False,False,,,,
S_src00361,S_src00361,True,361,0,continuous,False,False,,,,
S_src00362,S_src00362,True,362,0,continuous,False,False,,,,
S_src00363,S_src00363,True,363,0,continuous,False,False,,,,
S_src00364,S_src00364,True,364,0,continuous,False,False,,,,
S_src00365,S_src00365,True,365,0,continuous,False,False,,,,
S_src00366,S_src00366,True,366,0,continuous,False,False,,,,
S_src00367,S_src00367,True,367,0,continuous,False,False,,,,
S_src00368,S_src00368,True,368,0,continuous,False,False,,,,
S_src00369,S_src00369,True,369,0,continuous,False,False,,,,
S_src00370,S_src00370,True,370,0,continuous,False,False,,,,
S_src00371,S_src00371,True,371,0,continuous,False,False,,,,
S_src00372,S_src00372,True,372,0,continuous,False,False,,,,
S_src00373,S_src00373,True,373,0,continuous,False,False,,,,
S_src00374,S_src00374,True,374,0,continuous,False,False,,,,
S_src00375,S_src00375,True,375,0,continuous,False,False,,,,
S_src00376,S_src00376,True,376,0,continuous,False,False,,,,
S_src00377,S_src00377,True,377,0,continuous,False,False,,,,
S_src00378,S_src00378,True,378,0,continuous,False,False,,,,
S_src00379,S_src00379,True,379,0,continuous,False,False,,,,
S_src00380,S_src00380,True,380,0,continuous,False,False,,,,
S_src00381,S_src00381,True,381,0,continuous,False,False,,,,
S_src00382,S_src00382,True,382,0,continuous,False,False,,,,
S_src00383,S_src00383,True,383,0,continuous,False,False,,,,
S_src00384,S_src00384,True,384,0,continuous,False,False,,,,
S_src00385,S_src00385,True,385,0,continuous,False,False,,,,
S_src00386,S_src00386,True,386,0,continuous,False,False,,,,
S_src00387,S_src00387,True,387,0,continuous,False,False,,,,
S_src00388,S_src00388,True,388,0,continuous,False,False,,,,
S_src00389,S_src00389,True,389,0,continuous,False,False,,,,
S_src00390,S_src00390,True,390,0,continuous,False,False,,,,
S_src00391,S_src00391,True,391,0,continuous,False,False,,,,
S_src00392,S_src00392,True,392,0,continuous,False,False,,,,
S_src00393,S_src00393,True,393,0,continuous,False,False,,,,
S_src00394,S_src00394,True,394,0,continuous,False,False,,,,
S_src00395,S_src00395,True,395,0,continuous,False,False,,,,
S_src00396,S_src00396,True,396,0,continuous,False,False,,,,
S_src00397,S_src00397,True,397,0,continuous,False,False,,,,
S_src00398,S_src00398,True,398,0,continuous,False,False,,,,
S_src00399,S_src00399,True,399,0,continuous,False,False,,,,
S_src00400,S_src00400,True,400,0,continuous,False,False,,,,
S_src00401,S_src00401,True,401,0,continuous,False,False,,,,
S_src00402,S_src00402,True,402,0,continuous,False,False,,,,
S_src00403,S_src00403,True,403,0,continuous,False,False,,,,
S_src00404,S_src00404,True,404,0,continuous,False,False,,,,
S_src00405,S_src00405,True,405,0,continuous,False,False,,,,
S_src00406,S_src00406,True,406,0,continuous,False,False,,,,
S_src00407,S_src00407,True,407,0,continuous,False,False,,,,
S_src00408,S_src00408,True,408,0,continuous,False,False,,,,
S_src00409,S_src00409,True,409,0,continuous,False,False,,,,
S_src00410,S_src00410,True,410,0,continuous,False,False,,,,
S_src00411,S_src00411,True,411,0,continuous,False,False,,,,
S_src00412,S_src00412,True,412,0,continuous,False,False,,,,
S_src00413,S_src00413,True,413,0,continuous,False,False,,,,
S_src00414,S_src00414,True,414,0,continuous,False,False,,,,
S_src00415,S_src00415,True,415,0,continuous,False,False,,,,
S_src00416,S_src00416,True,416,0,continuous,False,False,,,,
S_src00417,S_src00417,True,417,0,continuous,False,False,,,,
S_src00418,S_src00418,True,418,0,continuous,False,False,,,,
S_src00419,S_src00419,True,419,0,continuous,False,False,,,,
S_src00420,S_src00420,True,420,0,continuous,False,False,,,,
S_src00421,S_src00421,True,421,0,continuous,False,False,,,,
S_src00422,S_src00422,True,422,0,continuous,False,False,,,,
S_src00423,S_src00423,True,423,0,continuous,False,False,,,,
S_src00424,S_src00424,True,424,0,continuous,False,False,,,,
S_src00425,S_src00425,True,425,0,continuous,False,False,,,,
S_src00426,S_src00426,True,426,0,continuous,False,False,,,,
S_src00427,S_src00427,True,427,0,continuous,False,False,,,,
S_src00428,S_src00428,True,428,0,continuous,False,False,,,,
S_src00429,S_src00429,True,429,0,continuous,False,False,,,,
S_src00430,S_src00430,True,430,0,continuous,False,False,,,,
S_src00431,S_src00431,True,431,0,continuous,False,False,,,,
S_src00432,S_src00432,True,432,0,continuous,False,False,,,,
S_src00433,S_src00433,True,433,0,continuous,False,False,,,,
S_src00434,S_src00434,True,434,0,continuous,False,False,,,,
S_src00435,S_src00435,True,435,0,continuous,False,False,,,,
S_src00436,S_src00436,True,436,0,continuous,False,False,,,,
S_src00437,S_src00437,True,437,0,continuous,False,False,,,,
S_src00438,S_src00438,True,438,0,continuous,False,False,,,,
S_src00439,S_src00439,True,439,0,continuous,False,False,,,,
S_src00440,S_src00440,True,440,0,continuous,False,False,,,,
S_src00441,S_src00441,True,441,0,continuous,False,False,,,,
S_src00442,S_src00442,True,442,0,continuous,False,False,,,,
S_src00443,S_src00443,True,443,0,continuous,False,False,,,,
S_src00444,S_src00444,True,444,0,continuous,False,False,,,,
S_src00445,S_src00445,True,445,0,continuous,False,False,,,,
S_src00446,S_src00446,True,446,0,continuous,False,False,,,,
S_src00447,S_src00447,True,447,0,continuous,False,False,,,,
S_src00448,S_src00448,True,448,0,continuous,False,False,,,,
S_src00449,S_src00449,True,449,0,continuous,False,False,,,,
S_src00450,S_src00450,True,450,0,continuous,False,False,,,,
S_src00451,S_src00451,True,451,0,continuous,False,False,,,,
S_src00452,S_src00452,True,452,0,continuous,False,False,,,,
S_src00453,S_src00453,True,453,0,continuous,False,False,,,,
S_src00454,S_src00454,True,454,0,continuous,False,False,,,,
S_src00455,S_src00455,True,455,0,continuous,False,False,,,,
S_src00456,S_src00456,True,456,0,continuous,False,False,,,,
S_src00457,S_src00457,True,457,0,continuous,False,False,,,,
S_src00458,S_src00458,True,458,0,continuous,False,False,,,,
S_src00459,S_src00459,True,459,0,continuous,False,False,,,,
S_src00460,S_src00460,True,460,0,continuous,False,False,,,,
S_src00461,S_src00461,True,461,0,continuous,False,False,,,,
S_src00462,S_src00462,True,462,0,continuous,False,False,,,,
S_src00463,S_src00463,True,463,0,continuous,False,False,,,,
S_src00464,S_src00464,True,464,0,continuous,False,False,,,,
S_src00465,S_src00465,True,465,0,continuous,False,False,,,,
S_src00466,S_src00466,True,466,0,continuous,False,False,,,,
S_src00467,S_src00467,True,467,0,continuous,False,False,,,,
S_src00468,S_src00468__lvl0,True,468,0,onehot_group,False,True,0.0,0.0,,
S_src00468,S_src00468__lvl1,True,468,1,onehot_group,False,False,0.0,1.0,,
S_src00468,S_src00468__lvl2,True,468,2,onehot_group,False,False,0.0,2.0,,
S_src00468,S_src00468__lvl3,True,468,3,onehot_group,False,False,0.0,3.0,,
S_src00468,S_src00468__lvl4,True,468,4,onehot_group,False,False,0.0,4.0,,
S_src00468,S_src00468__lvl5,True,468,5,onehot_group,False,False,0.0,5.0,,
S_src00468,S_src00468__lvl6,True,468,6,onehot_group,False,False,0.0,6.0,,
S_src00468,S_src00468__lvl7,True,468,7,onehot_group,False,False,0.0,7.0,,
S_src00468,S_src00468__lvl8,True,468,8,onehot_group,False,False,0.0,8.0,,
S_src00468,S_src00468__lvl9,True,468,9,onehot_group,False,False,0.0,9.0,,
S_src00468,S_src00468__lvl10,True,468,10,onehot_group,False,False,0.0,10.0,,
S_src00468,S_src00468__lvl11,True,468,11,onehot_group,False,False,0.0,11.0,,
S_src00468,S_src00468__lvl12,True,468,12,onehot_group,False,False,0.0,12.0,,
S_src00468,S_src00468__lvl13,True,468,13,onehot_group,False,False,0.0,13.0,,
S_src00468,S_src00468__lvl14,True,468,14,onehot_group,False,False,0.0,14.0,,
S_src00468,S_src00468__lvl15,True,468,15,onehot_group,False,False,0.0,15.0,,
S_src00468,S_src00468__lvl16,True,468,16,onehot_group,False,False,0.0,16.0,,
S_src00468,S_src00468__lvl17,True,468,17,onehot_group,False,False,0.0,17.0,,
S_src00468,S_src00468__lvl18,True,468,18,onehot_group,False,False,0.0,18.0,,
S_src00468,S_src00468__lvl19,True,468,19,onehot_group,False,False,0.0,19.0,,
S_src00468,S_src00468__lvl20,True,468,20,onehot_group,False,False,0.0,20.0,,
S_src00468,S_src00468__lvl21,True,468,21,onehot_group,False,False,0.0,21.0,,
S_src00468,S_src00468__lvl22,True,468,22,onehot_group,False,False,0.0,22.0,,
S_src00468,S_src00468__lvl23,True,468,23,onehot_group,False,False,0.0,23.0,,
S_src00468,S_src00468__lvl24,True,468,24,onehot_group,False,False,0.0,24.0,,
S_src00468,S_src00468__lvl25,True,468,25,onehot_group,False,False,0.0,25.0,,
S_src00468,S_src00468__lvl26,True,468,26,onehot_group,False,False,0.0,26.0,,
S_src00468,S_src00468__lvl27,True,468,27,onehot_group,False,False,0.0,27.0,,
S_src00468,S_src00468__lvl28,True,468,28,onehot_group,False,False,0.0,28.0,,
S_src00468,S_src00468__lvl29,True,468,29,onehot_group,False,False,0.0,29.0,,
S_src00468,S_src00468__lvl30,True,468,30,onehot_group,False,False,0.0,30.0,,
S_src00468,S_src00468__lvl31,True,468,31,onehot_group,False,False,0.0,31.0,,
S_src00468,S_src00468__lvl32,True,468,32,onehot_group,False,False,0.0,32.0,,
S_src00468,S_src00468__lvl33,True,468,33,onehot_group,False,False,0.0,33.0,,
S_src00468,S_src00468__lvl34,True,468,34,onehot_group,False,False,0.0,34.0,,
S_src00468,S_src00468__lvl35,True,468,35,onehot_group,False,False,0.0,35.0,,
S_src00468,S_src00468__lvl36,True,468,36,onehot_group,False,False,0.0,36.0,,
S_src00468,S_src00468__lvl37,True,468,37,onehot_group,False,False,0.0,37.0,,
S_src00468,S_src00468__lvl38,True,468,38,onehot_group,False,False,0.0,38.0,,
S_src00468,S_src00468__lvl39,True,468,39,onehot_group,False,False,0.0,39.0,,
S_src00468,S_src00468__lvl40,True,468,40,onehot_group,False,False,0.0,40.0,,
S_src00468,S_src00468__lvl41,True,468,41,onehot_group,False,False,0.0,41.0,,
S_src00468,S_src00468__lvl42,True,468,42,onehot_group,False,False,0.0,42.0,,
S_src00468,S_src00468__lvl43,True,468,43,onehot_group,False,False,0.0,43.0,,
S_src00468,S_src00468__lvl44,True,468,44,onehot_group,False,False,0.0,44.0,,
S_src00468,S_src00468__lvl45,True,468,45,onehot_group,False,False,0.0,45.0,,
S_src00468,S_src00468__lvl46,True,468,46,onehot_group,False,False,0.0,46.0,,
S_src00468,S_src00468__lvl47,True,468,47,onehot_group,False,False,0.0,47.0,,
S_src00468,S_src00468__lvl48,True,468,48,onehot_group,False,False,0.0,48.0,,
S_src00468,S_src00468__lvl49,True,468,49,onehot_group,False,False,0.0,49.0,,
S_src00468,S_src00468__lvl50,True,468,50,onehot_group,False,False,0.0,50.0,,
S_src00468,S_src00468__lvl51,True,468,51,onehot_group,False,False,0.0,51.0,,
S_src00468,S_src00468__lvl52,True,468,52,onehot_group,False,False,0.0,52.0,,
S_src00468,S_src00468__lvl53,True,468,53,onehot_group,False,False,0.0,53.0,,
S_src00468,S_src00468__lvl54,True,468,54,onehot_group,False,False,0.0,54.0,,
S_src00468,S_src00468__lvl55,True,468,55,onehot_group,False,False,0.0,55.0,,
S_src00468,S_src00468__lvl56,True,468,56,onehot_group,False,False,0.0,56.0,,
S_src00468,S_src00468__lvl57,True,468,57,onehot_group,False,False,0.0,57.0,,
S_src00468,S_src00468__lvl58,True,468,58,onehot_group,False,False,0.0,58.0,,
S_src00468,S_src00468__lvl59,True,468,59,onehot_group,False,False,0.0,59.0,,
S_src00468,S_src00468__lvl60,True,468,60,onehot_group,False,False,0.0,60.0,,
S_src00468,S_src00468__lvl61,True,468,61,onehot_group,False,False,0.0,61.0,,
S_src00468,S_src00468__lvl62,True,468,62,onehot_group,False,False,0.0,62.0,,
S_src00468,S_src00468__lvl63,True,468,63,onehot_group,False,False,0.0,63.0,,
S_src00468,S_src00468__lvl64,True,468,64,onehot_group,False,False,0.0,64.0,,
S_src00468,S_src00468__lvl65,True,468,65,onehot_group,False,False,0.0,65.0,,
S_src00468,S_src00468__lvl66,True,468,66,onehot_group,False,False,0.0,66.0,,
S_src00468,S_src00468__lvl67,True,468,67,onehot_group,False,False,0.0,67.0,,
S_src00468,S_src00468__lvl68,True,468,68,onehot_group,False,False,0.0,68.0,,
S_src00468,S_src00468__lvl69,True,468,69,onehot_group,False,False,0.0,69.0,,
S_src00468,S_src00468__lvl70,True,468,70,onehot_group,False,False,0.0,70.0,,
S_src00468,S_src00468__lvl71,True,468,71,onehot_group,False,False,0.0,71.0,,
S_src00468,S_src00468__lvl72,True,468,72,onehot_group,False,False,0.0,72.0,,
S_src00468,S_src00468__lvl73,True,468,73,onehot_group,False,False,0.0,73.0,,
S_src00468,S_src00468__lvl74,True,468,74,onehot_group,False,False,0.0,74.0,,
S_src00468,S_src00468__lvl75,True,468,75,onehot_group,False,False,0.0,75.0,,
S_src00468,S_src00468__lvl76,True,468,76,onehot_group,False,False,0.0,76.0,,
S_src00468,S_src00468__lvl77,True,468,77,onehot_group,False,False,0.0,77.0,,
S_src00468,S_src00468__lvl78,True,468,78,onehot_group,False,False,0.0,78.0,,
S_src00468,S_src00468__lvl79,True,468,79,onehot_group,False,False,0.0,79.0,,
S_src00468,S_src00468__lvl80,True,468,80,onehot_group,False,False,0.0,80.0,,
S_src00468,S_src00468__lvl81,True,468,81,onehot_group,False,False,0.0,81.0,,
S_src00468,S_src00468__lvl82,True,468,82,onehot_group,False,False,0.0,82.0,,
S_src00468,S_src00468__lvl83,True,468,83,onehot_group,False,False,0.0,83.0,,
S_src00468,S_src00468__lvl84,True,468,84,onehot_group,False,False,0.0,84.0,,
S_src00468,S_src00468__lvl85,True,468,85,onehot_group,False,False,0.0,85.0,,
S_src00468,S_src00468__lvl86,True,468,86,onehot_group,False,False,0.0,86.0,,
S_src00468,S_src00468__lvl87,True,468,87,onehot_group,False,False,0.0,87.0,,
S_src00468,S_src00468__lvl88,True,468,88,onehot_group,False,False,0.0,88.0,,
S_src00468,S_src00468__lvl89,True,468,89,onehot_group,False,False,0.0,89.0,,
S_src00468,S_src00468__lvl90,True,468,90,onehot_group,False,False,0.0,90.0,,
S_src00468,S_src00468__lvl91,True,468,91,onehot_group,False,False,0.0,91.0,,
S_src00468,S_src00468__lvl92,True,468,92,onehot_group,False,False,0.0,92.0,,
S_src00468,S_src00468__lvl93,True,468,93,onehot_group,False,False,0.0,93.0,,
S_src00468,S_src00468__lvl94,True,468,94,onehot_group,False,False,0.0,94.0,,
S_src00468,S_src00468__lvl95,True,468,95,onehot_group,False,False,0.0,95.0,,
S_src00468,S_src00468__lvl96,True,468,96,onehot_group,False,False,0.0,96.0,,
S_src00468,S_src00468__lvl97,True,468,97,onehot_group,False,False,0.0,97.0,,
S_src00468,S_src00468__lvl98,True,468,98,onehot_group,False,False,0.0,98.0,,
S_src00468,S_src00468__lvl99,True,468,99,onehot_group,False,False,0.0,99.0,,
S_src00468,S_src00468__lvl100,True,468,100,onehot_group,False,False,0.0,100.0,,
S_src00468,S_src00468__lvl101,True,468,101,onehot_group,False,False,0.0,101.0,,
S_src00468,S_src00468__lvl102,True,468,102,onehot_group,False,False,0.0,102.0,,
S_src00468,S_src00468__lvl103,True,468,103,onehot_group,False,False,0.0,103.0,,
S_src00468,S_src00468__lvl104,True,468,104,onehot_group,False,False,0.0,104.0,,
S_src00468,S_src00468__lvl105,True,468,105,onehot_group,False,False,0.0,105.0,,
S_src00468,S_src00468__lvl106,True,468,106,onehot_group,False,False,0.0,106.0,,
S_src00468,S_src00468__lvl107,True,468,107,onehot_group,False,False,0.0,107.0,,
S_src00468,S_src00468__lvl108,True,468,108,onehot_group,False,False,0.0,108.0,,
S_src00468,S_src00468__lvl109,True,468,109,onehot_group,False,False,0.0,109.0,,
S_src00468,S_src00468__lvl110,True,468,110,onehot_group,False,False,0.0,110.0,,
S_src00468,S_src00468__lvl111,True,468,111,onehot_group,False,False,0.0,111.0,,
S_src00468,S_src00468__lvl112,True,468,112,onehot_group,False,False,0.0,112.0,,
S_src00468,S_src00468__lvl113,True,468,113,onehot_group,False,False,0.0,113.0,,
S_src00468,S_src00468__lvl114,True,468,114,onehot_group,False,False,0.0,114.0,,
S_src00468,S_src00468__lvl115,True,468,115,onehot_group,False,False,0.0,115.0,,
S_src00468,S_src00468__lvl116,True,468,116,onehot_group,False,False,0.0,116.0,,
S_src00468,S_src00468__lvl117,True,468,117,onehot_group,False,False,0.0,117.0,,
S_src00468,S_src00468__lvl118,True,468,118,onehot_group,False,False,0.0,118.0,,
S_src00468,S_src00468__lvl119,True,468,119,onehot_group,False,False,0.0,119.0,,
S_src00468,S_src00468__lvl120,True,468,120,onehot_group,False,False,0.0,120.0,,
S_src00468,S_src00468__lvl121,True,468,121,onehot_group,False,False,0.0,121.0,,
S_src00468,S_src00468__lvl122,True,468,122,onehot_group,False,False,0.0,122.0,,
S_src00468,S_src00468__lvl123,True,468,123,onehot_group,False,False,0.0,123.0,,
S_src00468,S_src00468__lvl124,True,468,124,onehot_group,False,False,0.0,124.0,,
S_src00468,S_src00468__lvl125,True,468,125,onehot_group,False,False,0.0,125.0,,
S_src00468,S_src00468__lvl126,True,468,126,onehot_group,False,False,0.0,126.0,,
S_src00468,S_src00468__lvl127,True,468,127,onehot_group,False,False,0.0,127.0,,
S_src00468,S_src00468__lvl128,True,468,128,onehot_group,False,False,0.0,128.0,,
S_src00468,S_src00468__lvl129,True,468,129,onehot_group,False,False,0.0,129.0,,
S_src00468,S_src00468__lvl130,True,468,130,onehot_group,False,False,0.0,130.0,,
S_src00468,S_src00468__lvl131,True,468,131,onehot_group,False,False,0.0,131.0,,
S_src00468,S_src00468__lvl132,True,468,132,onehot_group,False,False,0.0,132.0,,
S_src00468,S_src00468__lvl133,True,468,133,onehot_group,False,False,0.0,133.0,,
S_src00468,S_src00468__lvl134,True,468,134,onehot_group,False,False,0.0,134.0,,
S_src00468,S_src00468__lvl135,True,468,135,onehot_group,False,False,0.0,135.0,,
S_src00468,S_src00468__lvl136,True,468,136,onehot_group,False,False,0.0,136.0,,
S_src00468,S_src00468__lvl137,True,468,137,onehot_group,False,False,0.0,137.0,,
S_src00468,S_src00468__lvl138,True,468,138,onehot_group,False,False,0.0,138.0,,
S_src00468,S_src00468__lvl139,True,468,139,onehot_group,False,False,0.0,139.0,,
S_src00468,S_src00468__lvl140,True,468,140,onehot_group,False,False,0.0,140.0,,
S_src00468,S_src00468__lvl141,True,468,141,onehot_group,False,False,0.0,141.0,,
S_src00468,S_src00468__lvl142,True,468,142,onehot_group,False,False,0.0,142.0,,
S_src00468,S_src00468__lvl143,True,468,143,onehot_group,False,False,0.0,143.0,,
S_src00468,S_src00468__lvl144,True,468,144,onehot_group,False,False,0.0,144.0,,
S_src00468,S_src00468__lvl145,True,468,145,onehot_group,False,False,0.0,145.0,,
S_src00468,S_src00468__lvl146,True,468,146,onehot_group,False,False,0.0,146.0,,
S_src00468,S_src00468__lvl147,True,468,147,onehot_group,False,False,0.0,147.0,,
S_src00468,S_src00468__lvl148,True,468,148,onehot_group,False,False,0.0,148.0,,
S_src00468,S_src00468__lvl149,True,468,149,onehot_group,False,False,0.0,149.0,,
S_src00468,S_src00468__lvl150,True,468,150,onehot_group,False,False,0.0,150.0,,
S_src00468,S_src00468__lvl151,True,468,151,onehot_group,False,False,0.0,151.0,,
S_src00468,S_src00468__lvl152,True,468,152,onehot_group,False,False,0.0,152.0,,
S_src00468,S_src00468__lvl153,True,468,153,onehot_group,False,False,0.0,153.0,,
S_src00468,S_src00468__lvl154,True,468,154,onehot_group,False,False,0.0,154.0,,
S_src00468,S_src00468__lvl155,True,468,155,onehot_group,False,False,0.0,155.0,,
S_src00468,S_src00468__lvl156,True,468,156,onehot_group,False,False,0.0,156.0,,
S_src00468,S_src00468__lvl157,True,468,157,onehot_group,False,False,0.0,157.0,,
S_src00468,S_src00468__lvl158,True,468,158,onehot_group,False,False,0.0,158.0,,
S_src00468,S_src00468__lvl159,True,468,159,onehot_group,False,False,0.0,159.0,,
S_src00468,S_src00468__lvl160,True,468,160,onehot_group,False,False,0.0,160.0,,
S_src00468,S_src00468__lvl161,True,468,161,onehot_group,False,False,0.0,161.0,,
S_src00468,S_src00468__lvl162,True,468,162,onehot_group,False,False,0.0,162.0,,
S_src00468,S_src00468__lvl163,True,468,163,onehot_group,False,False,0.0,163.0,,
S_src00468,S_src00468__lvl164,True,468,164,onehot_group,False,False,0.0,164.0,,
S_src00468,S_src00468__lvl165,True,468,165,onehot_group,False,False,0.0,165.0,,
S_src00468,S_src00468__lvl166,True,468,166,onehot_group,False,False,0.0,166.0,,
S_src00468,S_src00468__lvl167,True,468,167,onehot_group,False,False,0.0,167.0,,
S_src00468,S_src00468__lvl168,True,468,168,onehot_group,False,False,0.0,168.0,,
S_src00468,S_src00468__lvl169,True,468,169,onehot_group,False,False,0.0,169.0,,
S_src00468,S_src00468__lvl170,True,468,170,onehot_group,False,False,0.0,170.0,,
S_src00468,S_src00468__lvl171,True,468,171,onehot_group,False,False,0.0,171.0,,
S_src00468,S_src00468__lvl172,True,468,172,onehot_group,False,False,0.0,172.0,,
S_src00468,S_src00468__lvl173,True,468,173,onehot_group,False,False,0.0,173.0,,
S_src00468,S_src00468__lvl174,True,468,174,onehot_group,False,False,0.0,174.0,,
S_src00468,S_src00468__lvl175,True,468,175,onehot_group,False,False,0.0,175.0,,
S_src00468,S_src00468__lvl176,True,468,176,onehot_group,False,False,0.0,176.0,,
S_src00468,S_src00468__lvl177,True,468,177,onehot_group,False,False,0.0,177.0,,
S_src00468,S_src00468__lvl178,True,468,178,onehot_group,False,False,0.0,178.0,,
S_src00468,S_src00468__lvl179,True,468,179,onehot_group,False,False,0.0,179.0,,
S_src00468,S_src00468__lvl180,True,468,180,onehot_group,False,False,0.0,180.0,,
S_src00468,S_src00468__lvl181,True,468,181,onehot_group,False,False,0.0,181.0,,
S_src00468,S_src00468__lvl182,True,468,182,onehot_group,False,False,0.0,182.0,,
S_src00468,S_src00468__lvl183,True,468,183,onehot_group,False,False,0.0,183.0,,
S_src00468,S_src00468__lvl184,True,468,184,onehot_group,False,False,0.0,184.0,,
S_src00468,S_src00468__lvl185,True,468,185,onehot_group,False,False,0.0,185.0,,
S_src00468,S_src00468__lvl186,True,468,186,onehot_group,False,False,0.0,186.0,,
S_src00468,S_src00468__lvl187,True,468,187,onehot_group,False,False,0.0,187.0,,
S_src00468,S_src00468__lvl188,True,468,188,onehot_group,False,False,0.0,188.0,,
S_src00468,S_src00468__lvl189,True,468,189,onehot_group,False,False,0.0,189.0,,
S_src00468,S_src00468__lvl190,True,468,190,onehot_group,False,False,0.0,190.0,,
S_src00468,S_src00468__lvl191,True,468,191,onehot_group,False,False,0.0,191.0,,
S_src00468,S_src00468__lvl192,True,468,192,onehot_group,False,False,0.0,192.0,,
S_src00468,S_src00468__lvl193,True,468,193,onehot_group,False,False,0.0,193.0,,
S_src00468,S_src00468__lvl194,True,468,194,onehot_group,False,False,0.0,194.0,,
S_src00468,S_src00468__lvl195,True,468,195,onehot_group,False,False,0.0,195.0,,
S_src00468,S_src00468__lvl196,True,468,196,onehot_group,False,False,0.0,196.0,,
S_src00468,S_src00468__lvl197,True,468,197,onehot_group,False,False,0.0,197.0,,
S_src00468,S_src00468__lvl198,True,468,198,onehot_group,False,False,0.0,198.0,,
S_src00468,S_src00468__lvl199,True,468,199,onehot_group,False,False,0.0,199.0,,
S_src00468,S_src00468__lvl200,True,468,200,onehot_group,False,False,0.0,200.0,,
S_src00468,S_src00468__lvl201,True,468,201,onehot_group,False,False,0.0,201.0,,
S_src00468,S_src00468__lvl202,True,468,202,onehot_group,False,False,0.0,202.0,,
S_src00468,S_src00468__lvl203,True,468,203,onehot_group,False,False,0.0,203.0,,
S_src00468,S_src00468__lvl204,True,468,204,onehot_group,False,False,0.0,204.0,,
S_src00468,S_src00468__lvl205,True,468,205,onehot_group,False,False,0.0,205.0,,
S_src00468,S_src00468__lvl206,True,468,206,onehot_group,False,False,0.0,206.0,,
S_src00468,S_src00468__lvl207,True,468,207,onehot_group,False,False,0.0,207.0,,
S_src00468,S_src00468__lvl208,True,468,208,onehot_group,False,False,0.0,208.0,,
S_src00468,S_src00468__lvl209,True,468,209,onehot_group,False,False,0.0,209.0,,
S_src00468,S_src00468__lvl210,True,468,210,onehot_group,False,False,0.0,210.0,,
S_src00468,S_src00468__lvl211,True,468,211,onehot_group,False,False,0.0,211.0,,
S_src00468,S_src00468__lvl212,True,468,212,onehot_group,False,False,0.0,212.0,,
S_src00468,S_src00468__lvl213,True,468,213,onehot_group,False,False,0.0,213.0,,
S_src00468,S_src00468__lvl214,True,468,214,onehot_group,False,False,0.0,214.0,,
S_src00468,S_src00468__lvl215,True,468,215,onehot_group,False,False,0.0,215.0,,
S_src00468,S_src00468__lvl216,True,468,216,onehot_group,False,False,0.0,216.0,,
S_src00468,S_src00468__lvl217,True,468,217,onehot_group,False,False,0.0,217.0,,
S_src00468,S_src00468__lvl218,True,468,218,onehot_group,False,False,0.0,218.0,,
S_src00468,S_src00468__lvl219,True,468,219,onehot_group,False,False,0.0,219.0,,
S_src00468,S_src00468__lvl220,True,468,220,onehot_group,False,False,0.0,220.0,,
S_src00468,S_src00468__lvl221,True,468,221,onehot_group,False,False,0.0,221.0,,
S_src00468,S_src00468__lvl222,True,468,222,onehot_group,False,False,0.0,222.0,,
S_src00468,S_src00468__lvl223,True,468,223,onehot_group,False,False,0.0,223.0,,
S_src00468,S_src00468__lvl224,True,468,224,onehot_group,False,False,0.0,224.0,,
S_src00468,S_src00468__lvl225,True,468,225,onehot_group,False,False,0.0,225.0,,
S_src00468,S_src00468__lvl226,True,468,226,onehot_group,False,False,0.0,226.0,,
S_src00468,S_src00468__lvl227,True,468,227,onehot_group,False,False,0.0,227.0,,
S_src00468,S_src00468__lvl228,True,468,228,onehot_group,False,False,0.0,228.0,,
S_src00468,S_src00468__lvl229,True,468,229,onehot_group,False,False,0.0,229.0,,
S_src00468,S_src00468__lvl230,True,468,230,onehot_group,False,False,0.0,230.0,,
S_src00468,S_src00468__lvl231,True,468,231,onehot_group,False,False,0.0,231.0,,
S_src00468,S_src00468__lvl232,True,468,232,onehot_group,False,False,0.0,232.0,,
S_src00468,S_src00468__lvl233,True,468,233,onehot_group,False,False,0.0,233.0,,
S_src00468,S_src00468__lvl234,True,468,234,onehot_group,False,False,0.0,234.0,,
S_src00468,S_src00468__lvl235,True,468,235,onehot_group,False,False,0.0,235.0,,
S_src00468,S_src00468__lvl236,True,468,236,onehot_group,False,False,0.0,236.0,,
S_src00468,S_src00468__lvl237,True,468,237,onehot_group,False,False,0.0,237.0,,
S_src00468,S_src00468__lvl238,True,468,238,onehot_group,False,False,0.0,238.0,,
S_src00468,S_src00468__lvl239,True,468,239,onehot_group,False,False,0.0,239.0,,
S_src00468,S_src00468__lvl240,True,468,240,onehot_group,False,False,0.0,240.0,,
S_src00468,S_src00468__lvl241,True,468,241,onehot_group,False,False,0.0,241.0,,
S_src00468,S_src00468__lvl242,True,468,242,onehot_group,False,False,0.0,242.0,,
S_src00468,S_src00468__lvl243,True,468,243,onehot_group,False,False,0.0,243.0,,
S_src00468,S_src00468__lvl244,True,468,244,onehot_group,False,False,0.0,244.0,,
S_src00468,S_src00468__lvl245,True,468,245,onehot_group,False,False,0.0,245.0,,
S_src00468,S_src00468__lvl246,True,468,246,onehot_group,False,False,0.0,246.0,,
S_src00468,S_src00468__lvl247,True,468,247,onehot_group,False,False,0.0,247.0,,
S_src00468,S_src00468__lvl248,True,468,248,onehot_group,False,False,0.0,248.0,,
S_src00468,S_src00468__lvl249,True,468,249,onehot_group,False,False,0.0,249.0,,
S_src00468,S_src00468__lvl250,True,468,250,onehot_group,False,False,0.0,250.0,,
S_src00468,S_src00468__lvl251,True,468,251,onehot_group,False,False,0.0,251.0,,
S_src00468,S_src00468__lvl252,True,468,252,onehot_group,False,False,0.0,252.0,,
S_src00468,S_src00468__lvl253,True,468,253,onehot_group,False,False,0.0,253.0,,
S_src00468,S_src00468__lvl254,True,468,254,onehot_group,False,False,0.0,254.0,,
S_src00468,S_src00468__lvl255,True,468,255,onehot_group,False,False,0.0,255.0,,
S_src00468,S_src00468__lvl256,True,468,256,onehot_group,False,False,0.0,256.0,,
S_src00468,S_src00468__lvl257,True,468,257,onehot_group,False,False,0.0,257.0,,
S_src00468,S_src00468__lvl258,True,468,258,onehot_group,False,False,0.0,258.0,,
S_src00468,S_src00468__lvl259,True,468,259,onehot_group,False,False,0.0,259.0,,
S_src00468,S_src00468__lvl260,True,468,260,onehot_group,False,False,0.0,260.0,,
S_src00468,S_src00468__lvl261,True,468,261,onehot_group,False,False,0.0,261.0,,
S_src00468,S_src00468__lvl262,True,468,262,onehot_group,False,False,0.0,262.0,,
S_src00468,S_src00468__lvl263,True,468,263,onehot_group,False,False,0.0,263.0,,
S_src00468,S_src00468__lvl264,True,468,264,onehot_group,False,False,0.0,264.0,,
S_src00468,S_src00468__lvl265,True,468,265,onehot_group,False,False,0.0,265.0,,
S_src00468,S_src00468__lvl266,True,468,266,onehot_group,False,False,0.0,266.0,,
S_src00468,S_src00468__lvl267,True,468,267,onehot_group,False,False,0.0,267.0,,
S_src00468,S_src00468__lvl268,True,468,268,onehot_group,False,False,0.0,268.0,,
S_src00468,S_src00468__lvl269,True,468,269,onehot_group,False,False,0.0,269.0,,
S_src00468,S_src00468__lvl270,True,468,270,onehot_group,False,False,0.0,270.0,,
S_src00468,S_src00468__lvl271,True,468,271,onehot_group,False,False,0.0,271.0,,
S_src00468,S_src00468__lvl272,True,468,272,onehot_group,False,False,0.0,272.0,,
S_src00468,S_src00468__lvl273,True,468,273,onehot_group,False,False,0.0,273.0,,
S_src00468,S_src00468__lvl274,True,468,274,onehot_group,False,False,0.0,274.0,,
S_src00468,S_src00468__lvl275,True,468,275,onehot_group,False,False,0.0,275.0,,
S_src00468,S_src00468__lvl276,True,468,276,onehot_group,False,False,0.0,276.0,,
S_src00468,S_src00468__lvl277,True,468,277,onehot_group,False,False,0.0,277.0,,
S_src00468,S_src00468__lvl278,True,468,278,onehot_group,False,False,0.0,278.0,,
S_src00468,S_src00468__lvl279,True,468,279,onehot_group,False,False,0.0,279.0,,
S_src00468,S_src00468__lvl280,True,468,280,onehot_group,False,False,0.0,280.0,,
S_src00468,S_src00468__lvl281,True,468,281,onehot_group,False,False,0.0,281.0,,
S_src00468,S_src00468__lvl282,True,468,282,onehot_group,False,False,0.0,282.0,,
S_src00468,S_src00468__lvl283,True,468,283,onehot_group,False,False,0.0,283.0,,
S_src00468,S_src00468__lvl284,True,468,284,onehot_group,False,False,0.0,284.0,,
S_src00468,S_src00468__lvl285,True,468,285,onehot_group,False,False,0.0,285.0,,
S_src00468,S_src00468__lvl286,True,468,286,onehot_group,False,False,0.0,286.0,,
S_src00468,S_src00468__lvl287,True,468,287,onehot_group,False,False,0.0,287.0,,
S_src00468,S_src00468__lvl288,True,468,288,onehot_group,False,False,0.0,288.0,,
S_src00469,S_src00469__lvl0,True,469,0,onehot_group,False,True,0.0,0.0,,
S_src00469,S_src00469__lvl1,True,469,1,onehot_group,False,False,0.0,1.0,,
S_src00469,S_src00469__lvl2,True,469,2,onehot_group,False,False,0.0,2.0,,
S_src00469,S_src00469__lvl3,True,469,3,onehot_group,False,False,0.0,3.0,,
S_src00469,S_src00469__lvl4,True,469,4,onehot_group,False,False,0.0,4.0,,
S_src00469,S_src00469__lvl5,True,469,5,onehot_group,False,False,0.0,5.0,,
S_src00469,S_src00469__lvl6,True,469,6,onehot_group,False,False,0.0,6.0,,
S_src00469,S_src00469__lvl7,True,469,7,onehot_group,False,False,0.0,7.0,,
S_src00469,S_src00469__lvl8,True,469,8,onehot_group,False,False,0.0,8.0,,
S_src00469,S_src00469__lvl9,True,469,9,onehot_group,False,False,0.0,9.0,,
S_src00469,S_src00469__lvl10,True,469,10,onehot_group,False,False,0.0,10.0,,
S_src00469,S_src00469__lvl11,True,469,11,onehot_group,False,False,0.0,11.0,,
S_src00469,S_src00469__lvl12,True,469,12,onehot_group,False,False,0.0,12.0,,
S_src00469,S_src00469__lvl13,True,469,13,onehot_group,False,False,0.0,13.0,,
S_src00469,S_src00469__lvl14,True,469,14,onehot_group,False,False,0.0,14.0,,
S_src00469,S_src00469__lvl15,True,469,15,onehot_group,False,False,0.0,15.0,,
S_src00469,S_src00469__lvl16,True,469,16,onehot_group,False,False,0.0,16.0,,
S_src00469,S_src00469__lvl17,True,469,17,onehot_group,False,False,0.0,17.0,,
S_src00469,S_src00469__lvl18,True,469,18,onehot_group,False,False,0.0,18.0,,
S_src00469,S_src00469__lvl19,True,469,19,onehot_group,False,False,0.0,19.0,,
S_src00469,S_src00469__lvl20,True,469,20,onehot_group,False,False,0.0,20.0,,
S_src00469,S_src00469__lvl21,True,469,21,onehot_group,False,False,0.0,21.0,,
S_src00469,S_src00469__lvl22,True,469,22,onehot_group,False,False,0.0,22.0,,
S_src00469,S_src00469__lvl23,True,469,23,onehot_group,False,False,0.0,23.0,,
S_src00469,S_src00469__lvl24,True,469,24,onehot_group,False,False,0.0,24.0,,
S_src00469,S_src00469__lvl25,True,469,25,onehot_group,False,False,0.0,25.0,,
S_src00469,S_src00469__lvl26,True,469,26,onehot_group,False,False,0.0,26.0,,
S_src00469,S_src00469__lvl27,True,469,27,onehot_group,False,False,0.0,27.0,,
S_src00469,S_src00469__lvl28,True,469,28,onehot_group,False,False,0.0,28.0,,
S_src00469,S_src00469__lvl29,True,469,29,onehot_group,False,False,0.0,29.0,,
S_src00469,S_src00469__lvl30,True,469,30,onehot_group,False,False,0.0,30.0,,
S_src00469,S_src00469__lvl31,True,469,31,onehot_group,False,False,0.0,31.0,,
S_src00469,S_src00469__lvl32,True,469,32,onehot_group,False,False,0.0,32.0,,
S_src00469,S_src00469__lvl33,True,469,33,onehot_group,False,False,0.0,33.0,,
S_src00469,S_src00469__lvl34,True,469,34,onehot_group,False,False,0.0,34.0,,
S_src00469,S_src00469__lvl35,True,469,35,onehot_group,False,False,0.0,35.0,,
S_src00469,S_src00469__lvl36,True,469,36,onehot_group,False,False,0.0,36.0,,
S_src00469,S_src00469__lvl37,True,469,37,onehot_group,False,False,0.0,37.0,,
S_src00469,S_src00469__lvl38,True,469,38,onehot_group,False,False,0.0,38.0,,
S_src00469,S_src00469__lvl39,True,469,39,onehot_group,False,False,0.0,39.0,,
S_src00469,S_src00469__lvl40,True,469,40,onehot_group,False,False,0.0,40.0,,
S_src00469,S_src00469__lvl41,True,469,41,onehot_group,False,False,0.0,41.0,,
S_src00469,S_src00469__lvl42,True,469,42,onehot_group,False,False,0.0,42.0,,
S_src00469,S_src00469__lvl43,True,469,43,onehot_group,False,False,0.0,43.0,,
S_src00469,S_src00469__lvl44,True,469,44,onehot_group,False,False,0.0,44.0,,
S_src00469,S_src00469__lvl45,True,469,45,onehot_group,False,False,0.0,45.0,,
S_src00469,S_src00469__lvl46,True,469,46,onehot_group,False,False,0.0,46.0,,
S_src00469,S_src00469__lvl47,True,469,47,onehot_group,False,False,0.0,47.0,,
S_src00469,S_src00469__lvl48,True,469,48,onehot_group,False,False,0.0,48.0,,
S_src00469,S_src00469__lvl49,True,469,49,onehot_group,False,False,0.0,49.0,,
S_src00469,S_src00469__lvl50,True,469,50,onehot_group,False,False,0.0,50.0,,
S_src00469,S_src00469__lvl51,True,469,51,onehot_group,False,False,0.0,51.0,,
S_src00469,S_src00469__lvl52,True,469,52,onehot_group,False,False,0.0,52.0,,
S_src00469,S_src00469__lvl53,True,469,53,onehot_group,False,False,0.0,53.0,,
S_src00469,S_src00469__lvl54,True,469,54,onehot_group,False,False,0.0,54.0,,
S_src00469,S_src00469__lvl55,True,469,55,onehot_group,False,False,0.0,55.0,,
S_src00469,S_src00469__lvl56,True,469,56,onehot_group,False,False,0.0,56.0,,
S_src00469,S_src00469__lvl57,True,469,57,onehot_group,False,False,0.0,57.0,,
S_src00469,S_src00469__lvl58,True,469,58,onehot_group,False,False,0.0,58.0,,
S_src00469,S_src00469__lvl59,True,469,59,onehot_group,False,False,0.0,59.0,,
S_src00469,S_src00469__lvl60,True,469,60,onehot_group,False,False,0.0,60.0,,
S_src00469,S_src00469__lvl61,True,469,61,onehot_group,False,False,0.0,61.0,,
S_src00469,S_src00469__lvl62,True,469,62,onehot_group,False,False,0.0,62.0,,
S_src00469,S_src00469__lvl63,True,469,63,onehot_group,False,False,0.0,63.0,,
S_src00469,S_src00469__lvl64,True,469,64,onehot_group,False,False,0.0,64.0,,
S_src00469,S_src00469__lvl65,True,469,65,onehot_group,False,False,0.0,65.0,,
S_src00469,S_src00469__lvl66,True,469,66,onehot_group,False,False,0.0,66.0,,
S_src00469,S_src00469__lvl67,True,469,67,onehot_group,False,False,0.0,67.0,,
S_src00469,S_src00469__lvl68,True,469,68,onehot_group,False,False,0.0,68.0,,
S_src00469,S_src00469__lvl69,True,469,69,onehot_group,False,False,0.0,69.0,,
S_src00469,S_src00469__lvl70,True,469,70,onehot_group,False,False,0.0,70.0,,
S_src00469,S_src00469__lvl71,True,469,71,onehot_group,False,False,0.0,71.0,,
S_src00469,S_src00469__lvl72,True,469,72,onehot_group,False,False,0.0,72.0,,
S_src00469,S_src00469__lvl73,True,469,73,onehot_group,False,False,0.0,73.0,,
S_src00469,S_src00469__lvl74,True,469,74,onehot_group,False,False,0.0,74.0,,
S_src00469,S_src00469__lvl75,True,469,75,onehot_group,False,False,0.0,75.0,,
S_src00469,S_src00469__lvl76,True,469,76,onehot_group,False,False,0.0,76.0,,
S_src00469,S_src00469__lvl77,True,469,77,onehot_group,False,False,0.0,77.0,,
S_src00469,S_src00469__lvl78,True,469,78,onehot_group,False,False,0.0,78.0,,
S_src00469,S_src00469__lvl79,True,469,79,onehot_group,False,False,0.0,79.0,,
S_src00469,S_src00469__lvl80,True,469,80,onehot_group,False,False,0.0,80.0,,
S_src00469,S_src00469__lvl81,True,469,81,onehot_group,False,False,0.0,81.0,,
S_src00469,S_src00469__lvl82,True,469,82,onehot_group,False,False,0.0,82.0,,
S_src00469,S_src00469__lvl83,True,469,83,onehot_group,False,False,0.0,83.0,,
S_src00469,S_src00469__lvl84,True,469,84,onehot_group,False,False,0.0,84.0,,
S_src00469,S_src00469__lvl85,True,469,85,onehot_group,False,False,0.0,85.0,,
S_src00469,S_src00469__lvl86,True,469,86,onehot_group,False,False,0.0,86.0,,
S_src00469,S_src00469__lvl87,True,469,87,onehot_group,False,False,0.0,87.0,,
S_src00469,S_src00469__lvl88,True,469,88,onehot_group,False,False,0.0,88.0,,
S_src00469,S_src00469__lvl89,True,469,89,onehot_group,False,False,0.0,89.0,,
S_src00469,S_src00469__lvl90,True,469,90,onehot_group,False,False,0.0,90.0,,
S_src00469,S_src00469__lvl91,True,469,91,onehot_group,False,False,0.0,91.0,,
S_src00469,S_src00469__lvl92,True,469,92,onehot_group,False,False,0.0,92.0,,
S_src00469,S_src00469__lvl93,True,469,93,onehot_group,False,False,0.0,93.0,,
S_src00469,S_src00469__lvl94,True,469,94,onehot_group,False,False,0.0,94.0,,
S_src00469,S_src00469__lvl95,True,469,95,onehot_group,False,False,0.0,95.0,,
S_src00469,S_src00469__lvl96,True,469,96,onehot_group,False,False,0.0,96.0,,
S_src00469,S_src00469__lvl97,True,469,97,onehot_group,False,False,0.0,97.0,,
S_src00469,S_src00469__lvl98,True,469,98,onehot_group,False,False,0.0,98.0,,
S_src00469,S_src00469__lvl99,True,469,99,onehot_group,False,False,0.0,99.0,,
S_src00469,S_src00469__lvl100,True,469,100,onehot_group,False,False,0.0,100.0,,
S_src00469,S_src00469__lvl101,True,469,101,onehot_group,False,False,0.0,101.0,,
S_src00469,S_src00469__lvl102,True,469,102,onehot_group,False,False,0.0,102.0,,
S_src00469,S_src00469__lvl103,True,469,103,onehot_group,False,False,0.0,103.0,,
S_src00469,S_src00469__lvl104,True,469,104,onehot_group,False,False,0.0,104.0,,
S_src00469,S_src00469__lvl105,True,469,105,onehot_group,False,False,0.0,105.0,,
S_src00469,S_src00469__lvl106,True,469,106,onehot_group,False,False,0.0,106.0,,
S_src00469,S_src00469__lvl107,True,469,107,onehot_group,False,False,0.0,107.0,,
S_src00469,S_src00469__lvl108,True,469,108,onehot_group,False,False,0.0,108.0,,
S_src00469,S_src00469__lvl109,True,469,109,onehot_group,False,False,0.0,109.0,,
S_src00469,S_src00469__lvl110,True,469,110,onehot_group,False,False,0.0,110.0,,
S_src00469,S_src00469__lvl111,True,469,111,onehot_group,False,False,0.0,111.0,,
S_src00469,S_src00469__lvl112,True,469,112,onehot_group,False,False,0.0,112.0,,
S_src00469,S_src00469__lvl113,True,469,113,onehot_group,False,False,0.0,113.0,,
S_src00469,S_src00469__lvl114,True,469,114,onehot_group,False,False,0.0,114.0,,
S_src00469,S_src00469__lvl115,True,469,115,onehot_group,False,False,0.0,115.0,,
S_src00469,S_src00469__lvl116,True,469,116,onehot_group,False,False,0.0,116.0,,
S_src00469,S_src00469__lvl117,True,469,117,onehot_group,False,False,0.0,117.0,,
S_src00469,S_src00469__lvl118,True,469,118,onehot_group,False,False,0.0,118.0,,
S_src00469,S_src00469__lvl119,True,469,119,onehot_group,False,False,0.0,119.0,,
S_src00469,S_src00469__lvl120,True,469,120,onehot_group,False,False,0.0,120.0,,
S_src00469,S_src00469__lvl121,True,469,121,onehot_group,False,False,0.0,121.0,,
S_src00469,S_src00469__lvl122,True,469,122,onehot_group,False,False,0.0,122.0,,
S_src00469,S_src00469__lvl123,True,469,123,onehot_group,False,False,0.0,123.0,,
S_src00469,S_src00469__lvl124,True,469,124,onehot_group,False,False,0.0,124.0,,
S_src00469,S_src00469__lvl125,True,469,125,onehot_group,False,False,0.0,125.0,,
S_src00469,S_src00469__lvl126,True,469,126,onehot_group,False,False,0.0,126.0,,
S_src00469,S_src00469__lvl127,True,469,127,onehot_group,False,False,0.0,127.0,,
S_src00469,S_src00469__lvl128,True,469,128,onehot_group,False,False,0.0,128.0,,
S_src00469,S_src00469__lvl129,True,469,129,onehot_group,False,False,0.0,129.0,,
S_src00469,S_src00469__lvl130,True,469,130,onehot_group,False,False,0.0,130.0,,
S_src00469,S_src00469__lvl131,True,469,131,onehot_group,False,False,0.0,131.0,,
S_src00469,S_src00469__lvl132,True,469,132,onehot_group,False,False,0.0,132.0,,
S_src00469,S_src00469__lvl133,True,469,133,onehot_group,False,False,0.0,133.0,,
S_src00469,S_src00469__lvl134,True,469,134,onehot_group,False,False,0.0,134.0,,
S_src00469,S_src00469__lvl135,True,469,135,onehot_group,False,False,0.0,135.0,,
S_src00469,S_src00469__lvl136,True,469,136,onehot_group,False,False,0.0,136.0,,
S_src00469,S_src00469__lvl137,True,469,137,onehot_group,False,False,0.0,137.0,,
S_src00469,S_src00469__lvl138,True,469,138,onehot_group,False,False,0.0,138.0,,
S_src00469,S_src00469__lvl139,True,469,139,onehot_group,False,False,0.0,139.0,,
S_src00469,S_src00469__lvl140,True,469,140,onehot_group,False,False,0.0,140.0,,
S_src00469,S_src00469__lvl141,True,469,141,onehot_group,False,False,0.0,141.0,,
S_src00469,S_src00469__lvl142,True,469,142,onehot_group,False,False,0.0,142.0,,
S_src00469,S_src00469__lvl143,True,469,143,onehot_group,False,False,0.0,143.0,,
S_src00469,S_src00469__lvl144,True,469,144,onehot_group,False,False,0.0,144.0,,
S_src00469,S_src00469__lvl145,True,469,145,onehot_group,False,False,0.0,145.0,,
S_src00469,S_src00469__lvl146,True,469,146,onehot_group,False,False,0.0,146.0,,
S_src00469,S_src00469__lvl147,True,469,147,onehot_group,False,False,0.0,147.0,,
S_src00469,S_src00469__lvl148,True,469,148,onehot_group,False,False,0.0,148.0,,
S_src00469,S_src00469__lvl149,True,469,149,onehot_group,False,False,0.0,149.0,,
S_src00469,S_src00469__lvl150,True,469,150,onehot_group,False,False,0.0,150.0,,
S_src00469,S_src00469__lvl151,True,469,151,onehot_group,False,False,0.0,151.0,,
S_src00469,S_src00469__lvl152,True,469,152,onehot_group,False,False,0.0,152.0,,
S_src00469,S_src00469__lvl153,True,469,153,onehot_group,False,False,0.0,153.0,,
S_src00469,S_src00469__lvl154,True,469,154,onehot_group,False,False,0.0,154.0,,
S_src00469,S_src00469__lvl155,True,469,155,onehot_group,False,False,0.0,155.0,,
S_src00469,S_src00469__lvl156,True,469,156,onehot_group,False,False,0.0,156.0,,
S_src00469,S_src00469__lvl157,True,469,157,onehot_group,False,False,0.0,157.0,,
S_src00469,S_src00469__lvl158,True,469,158,onehot_group,False,False,0.0,158.0,,
S_src00469,S_src00469__lvl159,True,469,159,onehot_group,False,False,0.0,159.0,,
S_src00469,S_src00469__lvl160,True,469,160,onehot_group,False,False,0.0,160.0,,
S_src00469,S_src00469__lvl161,True,469,161,onehot_group,False,False,0.0,161.0,,
S_src00469,S_src00469__lvl162,True,469,162,onehot_group,False,False,0.0,162.0,,
S_src00469,S_src00469__lvl163,True,469,163,onehot_group,False,False,0.0,163.0,,
S_src00469,S_src00469__lvl164,True,469,164,onehot_group,False,False,0.0,164.0,,
S_src00469,S_src00469__lvl165,True,469,165,onehot_group,False,False,0.0,165.0,,
S_src00469,S_src00469__lvl166,True,469,166,onehot_group,False,False,0.0,166.0,,
S_src00469,S_src00469__lvl167,True,469,167,onehot_group,False,False,0.0,167.0,,
S_src00469,S_src00469__lvl168,True,469,168,onehot_group,False,False,0.0,168.0,,
S_src00469,S_src00469__lvl169,True,469,169,onehot_group,False,False,0.0,169.0,,
S_src00469,S_src00469__lvl170,True,469,170,onehot_group,False,False,0.0,170.0,,
S_src00469,S_src00469__lvl171,True,469,171,onehot_group,False,False,0.0,171.0,,
S_src00469,S_src00469__lvl172,True,469,172,onehot_group,False,False,0.0,172.0,,
S_src00469,S_src00469__lvl173,True,469,173,onehot_group,False,False,0.0,173.0,,
S_src00469,S_src00469__lvl174,True,469,174,onehot_group,False,False,0.0,174.0,,
S_src00469,S_src00469__lvl175,True,469,175,onehot_group,False,False,0.0,175.0,,
S_src00469,S_src00469__lvl176,True,469,176,onehot_group,False,False,0.0,176.0,,
S_src00469,S_src00469__lvl177,True,469,177,onehot_group,False,False,0.0,177.0,,
S_src00469,S_src00469__lvl178,True,469,178,onehot_group,False,False,0.0,178.0,,
S_src00469,S_src00469__lvl179,True,469,179,onehot_group,False,False,0.0,179.0,,
S_src00469,S_src00469__lvl180,True,469,180,onehot_group,False,False,0.0,180.0,,
S_src00469,S_src00469__lvl181,True,469,181,onehot_group,False,False,0.0,181.0,,
S_src00469,S_src00469__lvl182,True,469,182,onehot_group,False,False,0.0,182.0,,
S_src00469,S_src00469__lvl183,True,469,183,onehot_group,False,False,0.0,183.0,,
S_src00469,S_src00469__lvl184,True,469,184,onehot_group,False,False,0.0,184.0,,
S_src00469,S_src00469__lvl185,True,469,185,onehot_group,False,False,0.0,185.0,,
S_src00469,S_src00469__lvl186,True,469,186,onehot_group,False,False,0.0,186.0,,
S_src00469,S_src00469__lvl187,True,469,187,onehot_group,False,False,0.0,187.0,,
S_src00469,S_src00469__lvl188,True,469,188,onehot_group,False,False,0.0,188.0,,
S_src00469,S_src00469__lvl189,True,469,189,onehot_group,False,False,0.0,189.0,,
S_src00469,S_src00469__lvl190,True,469,190,onehot_group,False,False,0.0,190.0,,
S_src00469,S_src00469__lvl191,True,469,191,onehot_group,False,False,0.0,191.0,,
S_src00469,S_src00469__lvl192,True,469,192,onehot_group,False,False,0.0,192.0,,
S_src00469,S_src00469__lvl193,True,469,193,onehot_group,False,False,0.0,193.0,,
S_src00469,S_src00469__lvl194,True,469,194,onehot_group,False,False,0.0,194.0,,
S_src00469,S_src00469__lvl195,True,469,195,onehot_group,False,False,0.0,195.0,,
S_src00469,S_src00469__lvl196,True,469,196,onehot_group,False,False,0.0,196.0,,
S_src00469,S_src00469__lvl197,True,469,197,onehot_group,False,False,0.0,197.0,,
S_src00469,S_src00469__lvl198,True,469,198,onehot_group,False,False,0.0,198.0,,
S_src00469,S_src00469__lvl199,True,469,199,onehot_group,False,False,0.0,199.0,,
S_src00469,S_src00469__lvl200,True,469,200,onehot_group,False,False,0.0,200.0,,
S_src00469,S_src00469__lvl201,True,469,201,onehot_group,False,False,0.0,201.0,,
S_src00469,S_src00469__lvl202,True,469,202,onehot_group,False,False,0.0,202.0,,
S_src00469,S_src00469__lvl203,True,469,203,onehot_group,False,False,0.0,203.0,,
S_src00469,S_src00469__lvl204,True,469,204,onehot_group,False,False,0.0,204.0,,
S_src00469,S_src00469__lvl205,True,469,205,onehot_group,False,False,0.0,205.0,,
S_src00469,S_src00469__lvl206,True,469,206,onehot_group,False,False,0.0,206.0,,
S_src00469,S_src00469__lvl207,True,469,207,onehot_group,False,False,0.0,207.0,,
S_src00469,S_src00469__lvl208,True,469,208,onehot_group,False,False,0.0,208.0,,
S_src00469,S_src00469__lvl209,True,469,209,onehot_group,False,False,0.0,209.0,,
S_src00469,S_src00469__lvl210,True,469,210,onehot_group,False,False,0.0,210.0,,
S_src00469,S_src00469__lvl211,True,469,211,onehot_group,False,False,0.0,211.0,,
S_src00469,S_src00469__lvl212,True,469,212,onehot_group,False,False,0.0,212.0,,
S_src00469,S_src00469__lvl213,True,469,213,onehot_group,False,False,0.0,213.0,,
S_src00469,S_src00469__lvl214,True,469,214,onehot_group,False,False,0.0,214.0,,
S_src00469,S_src00469__lvl215,True,469,215,onehot_group,False,False,0.0,215.0,,
S_src00469,S_src00469__lvl216,True,469,216,onehot_group,False,False,0.0,216.0,,
S_src00469,S_src00469__lvl217,True,469,217,onehot_group,False,False,0.0,217.0,,
S_src00469,S_src00469__lvl218,True,469,218,onehot_group,False,False,0.0,218.0,,
S_src00469,S_src00469__lvl219,True,469,219,onehot_group,False,False,0.0,219.0,,
S_src00469,S_src00469__lvl220,True,469,220,onehot_group,False,False,0.0,220.0,,
S_src00469,S_src00469__lvl221,True,469,221,onehot_group,False,False,0.0,221.0,,
S_src00469,S_src00469__lvl222,True,469,222,onehot_group,False,False,0.0,222.0,,
S_src00469,S_src00469__lvl223,True,469,223,onehot_group,False,False,0.0,223.0,,
S_src00469,S_src00469__lvl224,True,469,224,onehot_group,False,False,0.0,224.0,,
S_src00469,S_src00469__lvl225,True,469,225,onehot_group,False,False,0.0,225.0,,
S_src00469,S_src00469__lvl226,True,469,226,onehot_group,False,False,0.0,226.0,,
S_src00469,S_src00469__lvl227,True,469,227,onehot_group,False,False,0.0,227.0,,
S_src00469,S_src00469__lvl228,True,469,228,onehot_group,False,False,0.0,228.0,,
S_src00469,S_src00469__lvl229,True,469,229,onehot_group,False,False,0.0,229.0,,
S_src00469,S_src00469__lvl230,True,469,230,onehot_group,False,False,0.0,230.0,,
S_src00469,S_src00469__lvl231,True,469,231,onehot_group,False,False,0.0,231.0,,
S_src00469,S_src00469__lvl232,True,469,232,onehot_group,False,False,0.0,232.0,,
S_src00469,S_src00469__lvl233,True,469,233,onehot_group,False,False,0.0,233.0,,
S_src00469,S_src00469__lvl234,True,469,234,onehot_group,False,False,0.0,234.0,,
S_src00469,S_src00469__lvl235,True,469,235,onehot_group,False,False,0.0,235.0,,
S_src00469,S_src00469__lvl236,True,469,236,onehot_group,False,False,0.0,236.0,,
S_src00469,S_src00469__lvl237,True,469,237,onehot_group,False,False,0.0,237.0,,
S_src00469,S_src00469__lvl238,True,469,238,onehot_group,False,False,0.0,238.0,,
S_src00469,S_src00469__lvl239,True,469,239,onehot_group,False,False,0.0,239.0,,
S_src00469,S_src00469__lvl240,True,469,240,onehot_group,False,False,0.0,240.0,,
S_src00469,S_src00469__lvl241,True,469,241,onehot_group,False,False,0.0,241.0,,
S_src00469,S_src00469__lvl242,True,469,242,onehot_group,False,False,0.0,242.0,,
S_src00469,S_src00469__lvl243,True,469,243,onehot_group,False,False,0.0,243.0,,
S_src00469,S_src00469__lvl244,True,469,244,onehot_group,False,False,0.0,244.0,,
S_src00469,S_src00469__lvl245,True,469,245,onehot_group,False,False,0.0,245.0,,
S_src00469,S_src00469__lvl246,True,469,246,onehot_group,False,False,0.0,246.0,,
S_src00469,S_src00469__lvl247,True,469,247,onehot_group,False,False,0.0,247.0,,
S_src00469,S_src00469__lvl248,True,469,248,onehot_group,False,False,0.0,248.0,,
S_src00469,S_src00469__lvl249,True,469,249,onehot_group,False,False,0.0,249.0,,
S_src00469,S_src00469__lvl250,True,469,250,onehot_group,False,False,0.0,250.0,,
S_src00469,S_src00469__lvl251,True,469,251,onehot_group,False,False,0.0,251.0,,
S_src00469,S_src00469__lvl252,True,469,252,onehot_group,False,False,0.0,252.0,,
S_src00469,S_src00469__lvl253,True,469,253,onehot_group,False,False,0.0,253.0,,
S_src00469,S_src00469__lvl254,True,469,254,onehot_group,False,False,0.0,254.0,,
S_src00469,S_src00469__lvl255,True,469,255,onehot_group,False,False,0.0,255.0,,
S_src00469,S_src00469__lvl256,True,469,256,onehot_group,False,False,0.0,256.0,,
S_src00469,S_src00469__lvl257,True,469,257,onehot_group,False,False,0.0,257.0,,
S_src00469,S_src00469__lvl258,True,469,258,onehot_group,False,False,0.0,258.0,,
S_src00469,S_src00469__lvl259,True,469,259,onehot_group,False,False,0.0,259.0,,
S_src00469,S_src00469__lvl260,True,469,260,onehot_group,False,False,0.0,260.0,,
S_src00469,S_src00469__lvl261,True,469,261,onehot_group,False,False,0.0,261.0,,
S_src00469,S_src00469__lvl262,True,469,262,onehot_group,False,False,0.0,262.0,,
S_src00469,S_src00469__lvl263,True,469,263,onehot_group,False,False,0.0,263.0,,
S_src00469,S_src00469__lvl264,True,469,264,onehot_group,False,False,0.0,264.0,,
S_src00469,S_src00469__lvl265,True,469,265,onehot_group,False,False,0.0,265.0,,
S_src00469,S_src00469__lvl266,True,469,266,onehot_group,False,False,0.0,266.0,,
S_src00469,S_src00469__lvl267,True,469,267,onehot_group,False,False,0.0,267.0,,
S_src00469,S_src00469__lvl268,True,469,268,onehot_group,False,False,0.0,268.0,,
S_src00469,S_src00469__lvl269,True,469,269,onehot_group,False,False,0.0,269.0,,
S_src00469,S_src00469__lvl270,True,469,270,onehot_group,False,False,0.0,270.0,,
S_src00469,S_src00469__lvl271,True,469,271,onehot_group,False,False,0.0,271.0,,
S_src00469,S_src00469__lvl272,True,469,272,onehot_group,False,False,0.0,272.0,,
S_src00469,S_src00469__lvl273,True,469,273,onehot_group,False,False,0.0,273.0,,
S_src00469,S_src00469__lvl274,True,469,274,onehot_group,False,False,0.0,274.0,,
S_src00469,S_src00469__lvl275,True,469,275,onehot_group,False,False,0.0,275.0,,
S_src00469,S_src00469__lvl276,True,469,276,onehot_group,False,False,0.0,276.0,,
S_src00469,S_src00469__lvl277,True,469,277,onehot_group,False,False,0.0,277.0,,
S_src00469,S_src00469__lvl278,True,469,278,onehot_group,False,False,0.0,278.0,,
S_src00469,S_src00469__lvl279,True,469,279,onehot_group,False,False,0.0,279.0,,
S_src00469,S_src00469__lvl280,True,469,280,onehot_group,False,False,0.0,280.0,,
S_src00469,S_src00469__lvl281,True,469,281,onehot_group,False,False,0.0,281.0,,
S_src00469,S_src00469__lvl282,True,469,282,onehot_group,False,False,0.0,282.0,,
S_src00469,S_src00469__lvl283,True,469,283,onehot_group,False,False,0.0,283.0,,
S_src00469,S_src00469__lvl284,True,469,284,onehot_group,False,False,0.0,284.0,,
S_src00469,S_src00469__lvl285,True,469,285,onehot_group,False,False,0.0,285.0,,
S_src00469,S_src00469__lvl286,True,469,286,onehot_group,False,False,0.0,286.0,,
S_src00469,S_src00469__lvl287,True,469,287,onehot_group,False,False,0.0,287.0,,
S_src00469,S_src00469__lvl288,True,469,288,onehot_group,False,False,0.0,288.0,,
S_src00469,S_src00469__lvl289,True,469,289,onehot_group,False,False,0.0,289.0,,
S_src00469,S_src00469__lvl290,True,469,290,onehot_group,False,False,0.0,290.0,,
S_src00469,S_src00469__lvl291,True,469,291,onehot_group,False,False,0.0,291.0,,
S_src00469,S_src00469__lvl292,True,469,292,onehot_group,False,False,0.0,292.0,,
S_src00469,S_src00469__lvl293,True,469,293,onehot_group,False,False,0.0,293.0,,
S_src00469,S_src00469__lvl294,True,469,294,onehot_group,False,False,0.0,294.0,,
S_src00469,S_src00469__lvl295,True,469,295,onehot_group,False,False,0.0,295.0,,
S_src00469,S_src00469__lvl296,True,469,296,onehot_group,False,False,0.0,296.0,,
S_src00469,S_src00469__lvl297,True,469,297,onehot_group,False,False,0.0,297.0,,
S_src00469,S_src00469__lvl298,True,469,298,onehot_group,False,False,0.0,298.0,,
S_src00469,S_src00469__lvl299,True,469,299,onehot_group,False,False,0.0,299.0,,
S_src00469,S_src00469__lvl300,True,469,300,onehot_group,False,False,0.0,300.0,,
S_src00469,S_src00469__lvl301,True,469,301,onehot_group,False,False,0.0,301.0,,
S_src00469,S_src00469__lvl302,True,469,302,onehot_group,False,False,0.0,302.0,,
S_src00469,S_src00469__lvl303,True,469,303,onehot_group,False,False,0.0,303.0,,
S_src00469,S_src00469__lvl304,True,469,304,onehot_group,False,False,0.0,304.0,,
S_src00469,S_src00469__lvl305,True,469,305,onehot_group,False,False,0.0,305.0,,
S_src00469,S_src00469__lvl306,True,469,306,onehot_group,False,False,0.0,306.0,,
S_src00469,S_src00469__lvl307,True,469,307,onehot_group,False,False,0.0,307.0,,
S_src00469,S_src00469__lvl308,True,469,308,onehot_group,False,False,0.0,308.0,,
S_src00469,S_src00469__lvl309,True,469,309,onehot_group,False,False,0.0,309.0,,
S_src00469,S_src00469__lvl310,True,469,310,onehot_group,False,False,0.0,310.0,,
S_src00469,S_src00469__lvl311,True,469,311,onehot_group,False,False,0.0,311.0,,
S_src00469,S_src00469__lvl312,True,469,312,onehot_group,False,False,0.0,312.0,,
S_src00469,S_src00469__lvl313,True,469,313,onehot_group,False,False,0.0,313.0,,
S_src00469,S_src00469__lvl314,True,469,314,onehot_group,False,False,0.0,314.0,,
S_src00469,S_src00469__lvl315,True,469,315,onehot_group,False,False,0.0,315.0,,
S_src00469,S_src00469__lvl316,True,469,316,onehot_group,False,False,0.0,316.0,,
S_src00469,S_src00469__lvl317,True,469,317,onehot_group,False,False,0.0,317.0,,
S_src00469,S_src00469__lvl318,True,469,318,onehot_group,False,False,0.0,318.0,,
S_src00469,S_src00469__lvl319,True,469,319,onehot_group,False,False,0.0,319.0,,
S_src00469,S_src00469__lvl320,True,469,320,onehot_group,False,False,0.0,320.0,,
S_src00469,S_src00469__lvl321,True,469,321,onehot_group,False,False,0.0,321.0,,
S_src00469,S_src00469__lvl322,True,469,322,onehot_group,False,False,0.0,322.0,,
S_src00469,S_src00469__lvl323,True,469,323,onehot_group,False,False,0.0,323.0,,
S_src00469,S_src00469__lvl324,True,469,324,onehot_group,False,False,0.0,324.0,,
S_src00469,S_src00469__lvl325,True,469,325,onehot_group,False,False,0.0,325.0,,
S_src00469,S_src00469__lvl326,True,469,326,onehot_group,False,False,0.0,326.0,,
S_src00469,S_src00469__lvl327,True,469,327,onehot_group,False,False,0.0,327.0,,
S_src00469,S_src00469__lvl328,True,469,328,onehot_group,False,False,0.0,328.0,,
S_src00469,S_src00469__lvl329,True,469,329,onehot_group,False,False,0.0,329.0,,
S_src00469,S_src00469__lvl330,True,469,330,onehot_group,False,False,0.0,330.0,,
S_src00469,S_src00469__lvl331,True,469,331,onehot_group,False,False,0.0,331.0,,
S_src00469,S_src00469__lvl332,True,469,332,onehot_group,False,False,0.0,332.0,,
S_src00469,S_src00469__lvl333,True,469,333,onehot_group,False,False,0.0,333.0,,
S_src00469,S_src00469__lvl334,True,469,334,onehot_group,False,False,0.0,334.0,,
S_src00469,S_src00469__lvl335,True,469,335,onehot_group,False,False,0.0,335.0,,
S_src00469,S_src00469__lvl336,True,469,336,onehot_group,False,False,0.0,336.0,,
S_src00469,S_src00469__lvl337,True,469,337,onehot_group,False,False,0.0,337.0,,
S_src00469,S_src00469__lvl338,True,469,338,onehot_group,False,False,0.0,338.0,,
S_src00469,S_src00469__lvl339,True,469,339,onehot_group,False,False,0.0,339.0,,
S_src00469,S_src00469__lvl340,True,469,340,onehot_group,False,False,0.0,340.0,,
S_src00469,S_src00469__lvl341,True,469,341,onehot_group,False,False,0.0,341.0,,
S_src00469,S_src00469__lvl342,True,469,342,onehot_group,False,False,0.0,342.0,,
S_src00469,S_src00469__lvl343,True,469,343,onehot_group,False,False,0.0,343.0,,
S_src00469,S_src00469__lvl344,True,469,344,onehot_group,False,False,0.0,344.0,,
S_src00469,S_src00469__lvl345,True,469,345,onehot_group,False,False,0.0,345.0,,
S_src00469,S_src00469__lvl346,True,469,346,onehot_group,False,False,0.0,346.0,,
S_src00469,S_src00469__lvl347,True,469,347,onehot_group,False,False,0.0,347.0,,
S_src00469,S_src00469__lvl348,True,469,348,onehot_group,False,False,0.0,348.0,,
S_src00469,S_src00469__lvl349,True,469,349,onehot_group,False,False,0.0,349.0,,
S_src00469,S_src00469__lvl350,True,469,350,onehot_group,False,False,0.0,350.0,,
S_src00469,S_src00469__lvl351,True,469,351,onehot_group,False,False,0.0,351.0,,
S_src00469,S_src00469__lvl352,True,469,352,onehot_group,False,False,0.0,352.0,,
S_src00469,S_src00469__lvl353,True,469,353,onehot_group,False,False,0.0,353.0,,
S_src00469,S_src00469__lvl354,True,469,354,onehot_group,False,False,0.0,354.0,,
S_src00469,S_src00469__lvl355,True,469,355,onehot_group,False,False,0.0,355.0,,
S_src00469,S_src00469__lvl356,True,469,356,onehot_group,False,False,0.0,356.0,,
S_src00469,S_src00469__lvl357,True,469,357,onehot_group,False,False,0.0,357.0,,
S_src00469,S_src00469__lvl358,True,469,358,onehot_group,False,False,0.0,358.0,,
S_src00469,S_src00469__lvl359,True,469,359,onehot_group,False,False,0.0,359.0,,
S_src00469,S_src00469__lvl360,True,469,360,onehot_group,False,False,0.0,360.0,,
S_src00469,S_src00469__lvl361,True,469,361,onehot_group,False,False,0.0,361.0,,
S_src00469,S_src00469__lvl362,True,469,362,onehot_group,False,False,0.0,362.0,,
S_src00469,S_src00469__lvl363,True,469,363,onehot_group,False,False,0.0,363.0,,
S_src00469,S_src00469__lvl364,True,469,364,onehot_group,False,False,0.0,364.0,,
S_src00469,S_src00469__lvl365,True,469,365,onehot_group,False,False,0.0,365.0,,
S_src00469,S_src00469__lvl366,True,469,366,onehot_group,False,False,0.0,366.0,,
S_src00469,S_src00469__lvl367,True,469,367,onehot_group,False,False,0.0,367.0,,
S_src00469,S_src00469__lvl368,True,469,368,onehot_group,False,False,0.0,368.0,,
S_src00469,S_src00469__lvl369,True,469,369,onehot_group,False,False,0.0,369.0,,
S_src00469,S_src00469__lvl370,True,469,370,onehot_group,False,False,0.0,370.0,,
S_src00469,S_src00469__lvl371,True,469,371,onehot_group,False,False,0.0,371.0,,
S_src00469,S_src00469__lvl372,True,469,372,onehot_group,False,False,0.0,372.0,,
S_src00469,S_src00469__lvl373,True,469,373,onehot_group,False,False,0.0,373.0,,
S_src00469,S_src00469__lvl374,True,469,374,onehot_group,False,False,0.0,374.0,,
S_src00469,S_src00469__lvl375,True,469,375,onehot_group,False,False,0.0,375.0,,
S_src00469,S_src00469__lvl376,True,469,376,onehot_group,False,False,0.0,376.0,,
S_src00469,S_src00469__lvl377,True,469,377,onehot_group,False,False,0.0,377.0,,
S_src00469,S_src00469__lvl378,True,469,378,onehot_group,False,False,0.0,378.0,,
S_src00469,S_src00469__lvl379,True,469,379,onehot_group,False,False,0.0,379.0,,
S_src00469,S_src00469__lvl380,True,469,380,onehot_group,False,False,0.0,380.0,,
S_src00469,S_src00469__lvl381,True,469,381,onehot_group,False,False,0.0,381.0,,
S_src00469,S_src00469__lvl382,True,469,382,onehot_group,False,False,0.0,382.0,,
S_src00469,S_src00469__lvl383,True,469,383,onehot_group,False,False,0.0,383.0,,
S_src00469,S_src00469__lvl384,True,469,384,onehot_group,False,False,0.0,384.0,,
S_src00469,S_src00469__lvl385,True,469,385,onehot_group,False,False,0.0,385.0,,
S_src00469,S_src00469__lvl386,True,469,386,onehot_group,False,False,0.0,386.0,,
S_src00469,S_src00469__lvl387,True,469,387,onehot_group,False,False,0.0,387.0,,
S_src00469,S_src00469__lvl388,True,469,388,onehot_group,False,False,0.0,388.0,,
S_src00469,S_src00469__lvl389,True,469,389,onehot_group,False,False,0.0,389.0,,
S_src00469,S_src00469__lvl390,True,469,390,onehot_group,False,False,0.0,390.0,,
S_src00469,S_src00469__lvl391,True,469,391,onehot_group,False,False,0.0,391.0,,
S_src00469,S_src00469__lvl392,True,469,392,onehot_group,False,False,0.0,392.0,,
S_src00469,S_src00469__lvl393,True,469,393,onehot_group,False,False,0.0,393.0,,
S_src00469,S_src00469__lvl394,True,469,394,onehot_group,False,False,0.0,394.0,,
S_src00469,S_src00469__lvl395,True,469,395,onehot_group,False,False,0.0,395.0,,
S_src00469,S_src00469__lvl396,True,469,396,onehot_group,False,False,0.0,396.0,,
S_src00469,S_src00469__lvl397,True,469,397,onehot_group,False,False,0.0,397.0,,
S_src00469,S_src00469__lvl398,True,469,398,onehot_group,False,False,0.0,398.0,,
S_src00469,S_src00469__lvl399,True,469,399,onehot_group,False,False,0.0,399.0,,
S_src00469,S_src00469__lvl400,True,469,400,onehot_group,False,False,0.0,400.0,,
S_src00469,S_src00469__lvl401,True,469,401,onehot_group,False,False,0.0,401.0,,
S_src00469,S_src00469__lvl402,True,469,402,onehot_group,False,False,0.0,402.0,,
S_src00469,S_src00469__lvl403,True,469,403,onehot_group,False,False,0.0,403.0,,
S_src00469,S_src00469__lvl404,True,469,404,onehot_group,False,False,0.0,404.0,,
S_src00469,S_src00469__lvl405,True,469,405,onehot_group,False,False,0.0,405.0,,
S_src00469,S_src00469__lvl406,True,469,406,onehot_group,False,False,0.0,406.0,,
S_src00469,S_src00469__lvl407,True,469,407,onehot_group,False,False,0.0,407.0,,
S_src00469,S_src00469__lvl408,True,469,408,onehot_group,False,False,0.0,408.0,,
S_src00470,S_src00470__lvl0,True,470,0,onehot_group,False,True,0.0,0.0,,
S_src00470,S_src00470__lvl1,True,470,1,onehot_group,False,False,0.0,1.0,,
S_src00470,S_src00470__lvl2,True,470,2,onehot_group,False,False,0.0,2.0,,
S_src00471,S_src00471__lvl0,True,471,0,onehot_group,False,True,0.0,0.0,,
S_src00471,S_src00471__lvl1,True,471,1,onehot_group,False,False,0.0,1.0,,
S_src00471,S_src00471__lvl2,True,471,2,onehot_group,False,False,0.0,2.0,,
S_src00471,S_src00471__lvl3,True,471,3,onehot_group,False,False,0.0,3.0,,
S_src00471,S_src00471__lvl4,True,471,4,onehot_group,False,False,0.0,4.0,,
S_src00471,S_src00471__lvl5,True,471,5,onehot_group,False,False,0.0,5.0,,
S_src00471,S_src00471__lvl6,True,471,6,onehot_group,False,False,0.0,6.0,,
S_src00471,S_src00471__lvl7,True,471,7,onehot_group,False,False,0.0,7.0,,
S_src00471,S_src00471__lvl8,True,471,8,onehot_group,False,False,0.0,8.0,,
S_src00471,S_src00471__lvl9,True,471,9,onehot_group,False,False,0.0,9.0,,
S_src00471,S_src00471__lvl10,True,471,10,onehot_group,False,False,0.0,10.0,,
S_src00471,S_src00471__lvl11,True,471,11,onehot_group,False,False,0.0,11.0,,
S_src00471,S_src00471__lvl12,True,471,12,onehot_group,False,False,0.0,12.0,,
S_src00471,S_src00471__lvl13,True,471,13,onehot_group,False,False,0.0,13.0,,
S_src00471,S_src00471__lvl14,True,471,14,onehot_group,False,False,0.0,14.0,,
S_src00471,S_src00471__lvl15,True,471,15,onehot_group,False,False,0.0,15.0,,
S_src00471,S_src00471__lvl16,True,471,16,onehot_group,False,False,0.0,16.0,,
S_src00471,S_src00471__lvl17,True,471,17,onehot_group,False,False,0.0,17.0,,
S_src00471,S_src00471__lvl18,True,471,18,onehot_group,False,False,0.0,18.0,,
S_src00471,S_src00471__lvl19,True,471,19,onehot_group,False,False,0.0,19.0,,
S_src00471,S_src00471__lvl20,True,471,20,onehot_group,False,False,0.0,20.0,,
S_src00471,S_src00471__lvl21,True,471,21,onehot_group,False,False,0.0,21.0,,
S_src00471,S_src00471__lvl22,True,471,22,onehot_group,False,False,0.0,22.0,,
S_src00471,S_src00471__lvl23,True,471,23,onehot_group,False,False,0.0,23.0,,
S_src00471,S_src00471__lvl24,True,471,24,onehot_group,False,False,0.0,24.0,,
S_src00471,S_src00471__lvl25,True,471,25,onehot_group,False,False,0.0,25.0,,
S_src00471,S_src00471__lvl26,True,471,26,onehot_group,False,False,0.0,26.0,,
S_src00471,S_src00471__lvl27,True,471,27,onehot_group,False,False,0.0,27.0,,
S_src00471,S_src00471__lvl28,True,471,28,onehot_group,False,False,0.0,28.0,,
S_src00471,S_src00471__lvl29,True,471,29,onehot_group,False,False,0.0,29.0,,
S_src00471,S_src00471__lvl30,True,471,30,onehot_group,False,False,0.0,30.0,,
S_src00471,S_src00471__lvl31,True,471,31,onehot_group,False,False,0.0,31.0,,
S_src00471,S_src00471__lvl32,True,471,32,onehot_group,False,False,0.0,32.0,,
S_src00471,S_src00471__lvl33,True,471,33,onehot_group,False,False,0.0,33.0,,
S_src00471,S_src00471__lvl34,True,471,34,onehot_group,False,False,0.0,34.0,,
S_src00471,S_src00471__lvl35,True,471,35,onehot_group,False,False,0.0,35.0,,
S_src00471,S_src00471__lvl36,True,471,36,onehot_group,False,False,0.0,36.0,,
S_src00471,S_src00471__lvl37,True,471,37,onehot_group,False,False,0.0,37.0,,
S_src00471,S_src00471__lvl38,True,471,38,onehot_group,False,False,0.0,38.0,,
S_src00471,S_src00471__lvl39,True,471,39,onehot_group,False,False,0.0,39.0,,
S_src00471,S_src00471__lvl40,True,471,40,onehot_group,False,False,0.0,40.0,,
S_src00471,S_src00471__lvl41,True,471,41,onehot_group,False,False,0.0,41.0,,
S_src00471,S_src00471__lvl42,True,471,42,onehot_group,False,False,0.0,42.0,,
S_src00471,S_src00471__lvl43,True,471,43,onehot_group,False,False,0.0,43.0,,
S_src00471,S_src00471__lvl44,True,471,44,onehot_group,False,False,0.0,44.0,,
S_src00471,S_src00471__lvl45,True,471,45,onehot_group,False,False,0.0,45.0,,
S_src00471,S_src00471__lvl46,True,471,46,onehot_group,False,False,0.0,46.0,,
S_src00471,S_src00471__lvl47,True,471,47,onehot_group,False,False,0.0,47.0,,
S_src00471,S_src00471__lvl48,True,471,48,onehot_group,False,False,0.0,48.0,,
S_src00471,S_src00471__lvl49,True,471,49,onehot_group,False,False,0.0,49.0,,
S_src00471,S_src00471__lvl50,True,471,50,onehot_group,False,False,0.0,50.0,,
S_src00471,S_src00471__lvl51,True,471,51,onehot_group,False,False,0.0,51.0,,
S_src00471,S_src00471__lvl52,True,471,52,onehot_group,False,False,0.0,52.0,,
S_src00471,S_src00471__lvl53,True,471,53,onehot_group,False,False,0.0,53.0,,
S_src00471,S_src00471__lvl54,True,471,54,onehot_group,False,False,0.0,54.0,,
S_src00471,S_src00471__lvl55,True,471,55,onehot_group,False,False,0.0,55.0,,
S_src00471,S_src00471__lvl56,True,471,56,onehot_group,False,False,0.0,56.0,,
S_src00471,S_src00471__lvl57,True,471,57,onehot_group,False,False,0.0,57.0,,
S_src00471,S_src00471__lvl58,True,471,58,onehot_group,False,False,0.0,58.0,,
S_src00471,S_src00471__lvl59,True,471,59,onehot_group,False,False,0.0,59.0,,
S_src00471,S_src00471__lvl60,True,471,60,onehot_group,False,False,0.0,60.0,,
S_src00471,S_src00471__lvl61,True,471,61,onehot_group,False,False,0.0,61.0,,
S_src00471,S_src00471__lvl62,True,471,62,onehot_group,False,False,0.0,62.0,,
S_src00471,S_src00471__lvl63,True,471,63,onehot_group,False,False,0.0,63.0,,
S_src00471,S_src00471__lvl64,True,471,64,onehot_group,False,False,0.0,64.0,,
S_src00471,S_src00471__lvl65,True,471,65,onehot_group,False,False,0.0,65.0,,
S_src00471,S_src00471__lvl66,True,471,66,onehot_group,False,False,0.0,66.0,,
S_src00471,S_src00471__lvl67,True,471,67,onehot_group,False,False,0.0,67.0,,
S_src00471,S_src00471__lvl68,True,471,68,onehot_group,False,False,0.0,68.0,,
S_src00471,S_src00471__lvl69,True,471,69,onehot_group,False,False,0.0,69.0,,
S_src00471,S_src00471__lvl70,True,471,70,onehot_group,False,False,0.0,70.0,,
S_src00471,S_src00471__lvl71,True,471,71,onehot_group,False,False,0.0,71.0,,
S_src00471,S_src00471__lvl72,True,471,72,onehot_group,False,False,0.0,72.0,,
S_src00471,S_src00471__lvl73,True,471,73,onehot_group,False,False,0.0,73.0,,
S_src00471,S_src00471__lvl74,True,471,74,onehot_group,False,False,0.0,74.0,,
S_src00471,S_src00471__lvl75,True,471,75,onehot_group,False,False,0.0,75.0,,
S_src00471,S_src00471__lvl76,True,471,76,onehot_group,False,False,0.0,76.0,,
S_src00471,S_src00471__lvl77,True,471,77,onehot_group,False,False,0.0,77.0,,
S_src00471,S_src00471__lvl78,True,471,78,onehot_group,False,False,0.0,78.0,,
S_src00471,S_src00471__lvl79,True,471,79,onehot_group,False,False,0.0,79.0,,
S_src00471,S_src00471__lvl80,True,471,80,onehot_group,False,False,0.0,80.0,,
S_src00471,S_src00471__lvl81,True,471,81,onehot_group,False,False,0.0,81.0,,
S_src00471,S_src00471__lvl82,True,471,82,onehot_group,False,False,0.0,82.0,,
S_src00471,S_src00471__lvl83,True,471,83,onehot_group,False,False,0.0,83.0,,
S_src00471,S_src00471__lvl84,True,471,84,onehot_group,False,False,0.0,84.0,,
S_src00471,S_src00471__lvl85,True,471,85,onehot_group,False,False,0.0,85.0,,
S_src00471,S_src00471__lvl86,True,471,86,onehot_group,False,False,0.0,86.0,,
S_src00471,S_src00471__lvl87,True,471,87,onehot_group,False,False,0.0,87.0,,
S_src00471,S_src00471__lvl88,True,471,88,onehot_group,False,False,0.0,88.0,,
S_src00471,S_src00471__lvl89,True,471,89,onehot_group,False,False,0.0,89.0,,
S_src00471,S_src00471__lvl90,True,471,90,onehot_group,False,False,0.0,90.0,,
S_src00471,S_src00471__lvl91,True,471,91,onehot_group,False,False,0.0,91.0,,
S_src00471,S_src00471__lvl92,True,471,92,onehot_group,False,False,0.0,92.0,,
S_src00471,S_src00471__lvl93,True,471,93,onehot_group,False,False,0.0,93.0,,
S_src00471,S_src00471__lvl94,True,471,94,onehot_group,False,False,0.0,94.0,,
S_src00471,S_src00471__lvl95,True,471,95,onehot_group,False,False,0.0,95.0,,
S_src00471,S_src00471__lvl96,True,471,96,onehot_group,False,False,0.0,96.0,,
S_src00471,S_src00471__lvl97,True,471,97,onehot_group,False,False,0.0,97.0,,
S_src00471,S_src00471__lvl98,True,471,98,onehot_group,False,False,0.0,98.0,,
S_src00471,S_src00471__lvl99,True,471,99,onehot_group,False,False,0.0,99.0,,
S_src00471,S_src00471__lvl100,True,471,100,onehot_group,False,False,0.0,100.0,,
S_src00471,S_src00471__lvl101,True,471,101,onehot_group,False,False,0.0,101.0,,
S_src00471,S_src00471__lvl102,True,471,102,onehot_group,False,False,0.0,102.0,,
S_src00471,S_src00471__lvl103,True,471,103,onehot_group,False,False,0.0,103.0,,
S_src00471,S_src00471__lvl104,True,471,104,onehot_group,False,False,0.0,104.0,,
S_src00471,S_src00471__lvl105,True,471,105,onehot_group,False,False,0.0,105.0,,
S_src00471,S_src00471__lvl106,True,471,106,onehot_group,False,False,0.0,106.0,,
S_src00471,S_src00471__lvl107,True,471,107,onehot_group,False,False,0.0,107.0,,
S_src00471,S_src00471__lvl108,True,471,108,onehot_group,False,False,0.0,108.0,,
S_src00471,S_src00471__lvl109,True,471,109,onehot_group,False,False,0.0,109.0,,
S_src00471,S_src00471__lvl110,True,471,110,onehot_group,False,False,0.0,110.0,,
S_src00471,S_src00471__lvl111,True,471,111,onehot_group,False,False,0.0,111.0,,
S_src00471,S_src00471__lvl112,True,471,112,onehot_group,False,False,0.0,112.0,,
S_src00471,S_src00471__lvl113,True,471,113,onehot_group,False,False,0.0,113.0,,
S_src00471,S_src00471__lvl114,True,471,114,onehot_group,False,False,0.0,114.0,,
S_src00471,S_src00471__lvl115,True,471,115,onehot_group,False,False,0.0,115.0,,
S_src00471,S_src00471__lvl116,True,471,116,onehot_group,False,False,0.0,116.0,,
S_src00471,S_src00471__lvl117,True,471,117,onehot_group,False,False,0.0,117.0,,
S_src00471,S_src00471__lvl118,True,471,118,onehot_group,False,False,0.0,118.0,,
S_src00471,S_src00471__lvl119,True,471,119,onehot_group,False,False,0.0,119.0,,
S_src00471,S_src00471__lvl120,True,471,120,onehot_group,False,False,0.0,120.0,,
S_src00471,S_src00471__lvl121,True,471,121,onehot_group,False,False,0.0,121.0,,
S_src00471,S_src00471__lvl122,True,471,122,onehot_group,False,False,0.0,122.0,,
S_src00471,S_src00471__lvl123,True,471,123,onehot_group,False,False,0.0,123.0,,
S_src00471,S_src00471__lvl124,True,471,124,onehot_group,False,False,0.0,124.0,,
S_src00471,S_src00471__lvl125,True,471,125,onehot_group,False,False,0.0,125.0,,
S_src00471,S_src00471__lvl126,True,471,126,onehot_group,False,False,0.0,126.0,,
S_src00471,S_src00471__lvl127,True,471,127,onehot_group,False,False,0.0,127.0,,
S_src00471,S_src00471__lvl128,True,471,128,onehot_group,False,False,0.0,128.0,,
S_src00471,S_src00471__lvl129,True,471,129,onehot_group,False,False,0.0,129.0,,
S_src00471,S_src00471__lvl130,True,471,130,onehot_group,False,False,0.0,130.0,,
S_src00471,S_src00471__lvl131,True,471,131,onehot_group,False,False,0.0,131.0,,
S_src00471,S_src00471__lvl132,True,471,132,onehot_group,False,False,0.0,132.0,,
S_src00471,S_src00471__lvl133,True,471,133,onehot_group,False,False,0.0,133.0,,
S_src00471,S_src00471__lvl134,True,471,134,onehot_group,False,False,0.0,134.0,,
S_src00471,S_src00471__lvl135,True,471,135,onehot_group,False,False,0.0,135.0,,
S_src00471,S_src00471__lvl136,True,471,136,onehot_group,False,False,0.0,136.0,,
S_src00471,S_src00471__lvl137,True,471,137,onehot_group,False,False,0.0,137.0,,
S_src00471,S_src00471__lvl138,True,471,138,onehot_group,False,False,0.0,138.0,,
S_src00471,S_src00471__lvl139,True,471,139,onehot_group,False,False,0.0,139.0,,
S_src00471,S_src00471__lvl140,True,471,140,onehot_group,False,False,0.0,140.0,,
S_src00471,S_src00471__lvl141,True,471,141,onehot_group,False,False,0.0,141.0,,
S_src00471,S_src00471__lvl142,True,471,142,onehot_group,False,False,0.0,142.0,,
S_src00471,S_src00471__lvl143,True,471,143,onehot_group,False,False,0.0,143.0,,
S_src00471,S_src00471__lvl144,True,471,144,onehot_group,False,False,0.0,144.0,,
S_src00471,S_src00471__lvl145,True,471,145,onehot_group,False,False,0.0,145.0,,
S_src00471,S_src00471__lvl146,True,471,146,onehot_group,False,False,0.0,146.0,,
S_src00471,S_src00471__lvl147,True,471,147,onehot_group,False,False,0.0,147.0,,
S_src00471,S_src00471__lvl148,True,471,148,onehot_group,False,False,0.0,148.0,,
S_src00471,S_src00471__lvl149,True,471,149,onehot_group,False,False,0.0,149.0,,
S_src00471,S_src00471__lvl150,True,471,150,onehot_group,False,False,0.0,150.0,,
S_src00471,S_src00471__lvl151,True,471,151,onehot_group,False,False,0.0,151.0,,
S_src00471,S_src00471__lvl152,True,471,152,onehot_group,False,False,0.0,152.0,,
S_src00471,S_src00471__lvl153,True,471,153,onehot_group,False,False,0.0,153.0,,
S_src00471,S_src00471__lvl154,True,471,154,onehot_group,False,False,0.0,154.0,,
S_src00471,S_src00471__lvl155,True,471,155,onehot_group,False,False,0.0,155.0,,
S_src00471,S_src00471__lvl156,True,471,156,onehot_group,False,False,0.0,156.0,,
S_src00471,S_src00471__lvl157,True,471,157,onehot_group,False,False,0.0,157.0,,
S_src00471,S_src00471__lvl158,True,471,158,onehot_group,False,False,0.0,158.0,,
S_src00471,S_src00471__lvl159,True,471,159,onehot_group,False,False,0.0,159.0,,
S_src00471,S_src00471__lvl160,True,471,160,onehot_group,False,False,0.0,160.0,,
S_src00471,S_src00471__lvl161,True,471,161,onehot_group,False,False,0.0,161.0,,
S_src00471,S_src00471__lvl162,True,471,162,onehot_group,False,False,0.0,162.0,,
S_src00471,S_src00471__lvl163,True,471,163,onehot_group,False,False,0.0,163.0,,
S_src00471,S_src00471__lvl164,True,471,164,onehot_group,False,False,0.0,164.0,,
S_src00471,S_src00471__lvl165,True,471,165,onehot_group,False,False,0.0,165.0,,
S_src00471,S_src00471__lvl166,True,471,166,onehot_group,False,False,0.0,166.0,,
S_src00471,S_src00471__lvl167,True,471,167,onehot_group,False,False,0.0,167.0,,
S_src00471,S_src00471__lvl168,True,471,168,onehot_group,False,False,0.0,168.0,,
S_src00471,S_src00471__lvl169,True,471,169,onehot_group,False,False,0.0,169.0,,
S_src00471,S_src00471__lvl170,True,471,170,onehot_group,False,False,0.0,170.0,,
S_src00471,S_src00471__lvl171,True,471,171,onehot_group,False,False,0.0,171.0,,
S_src00471,S_src00471__lvl172,True,471,172,onehot_group,False,False,0.0,172.0,,
S_src00471,S_src00471__lvl173,True,471,173,onehot_group,False,False,0.0,173.0,,
S_src00471,S_src00471__lvl174,True,471,174,onehot_group,False,False,0.0,174.0,,
S_src00471,S_src00471__lvl175,True,471,175,onehot_group,False,False,0.0,175.0,,
S_src00471,S_src00471__lvl176,True,471,176,onehot_group,False,False,0.0,176.0,,
S_src00471,S_src00471__lvl177,True,471,177,onehot_group,False,False,0.0,177.0,,
S_src00471,S_src00471__lvl178,True,471,178,onehot_group,False,False,0.0,178.0,,
S_src00471,S_src00471__lvl179,True,471,179,onehot_group,False,False,0.0,179.0,,
S_src00471,S_src00471__lvl180,True,471,180,onehot_group,False,False,0.0,180.0,,
S_src00471,S_src00471__lvl181,True,471,181,onehot_group,False,False,0.0,181.0,,
S_src00471,S_src00471__lvl182,True,471,182,onehot_group,False,False,0.0,182.0,,
S_src00471,S_src00471__lvl183,True,471,183,onehot_group,False,False,0.0,183.0,,
S_src00471,S_src00471__lvl184,True,471,184,onehot_group,False,False,0.0,184.0,,
S_src00471,S_src00471__lvl185,True,471,185,onehot_group,False,False,0.0,185.0,,
S_src00471,S_src00471__lvl186,True,471,186,onehot_group,False,False,0.0,186.0,,
S_src00471,S_src00471__lvl187,True,471,187,onehot_group,False,False,0.0,187.0,,
S_src00471,S_src00471__lvl188,True,471,188,onehot_group,False,False,0.0,188.0,,
S_src00471,S_src00471__lvl189,True,471,189,onehot_group,False,False,0.0,189.0,,
S_src00471,S_src00471__lvl190,True,471,190,onehot_group,False,False,0.0,190.0,,
S_src00471,S_src00471__lvl191,True,471,191,onehot_group,False,False,0.0,191.0,,
S_src00471,S_src00471__lvl192,True,471,192,onehot_group,False,False,0.0,192.0,,
S_src00471,S_src00471__lvl193,True,471,193,onehot_group,False,False,0.0,193.0,,
S_src00471,S_src00471__lvl194,True,471,194,onehot_group,False,False,0.0,194.0,,
S_src00471,S_src00471__lvl195,True,471,195,onehot_group,False,False,0.0,195.0,,
S_src00471,S_src00471__lvl196,True,471,196,onehot_group,False,False,0.0,196.0,,
S_src00471,S_src00471__lvl197,True,471,197,onehot_group,False,False,0.0,197.0,,
S_src00471,S_src00471__lvl198,True,471,198,onehot_group,False,False,0.0,198.0,,
S_src00471,S_src00471__lvl199,True,471,199,onehot_group,False,False,0.0,199.0,,
S_src00471,S_src00471__lvl200,True,471,200,onehot_group,False,False,0.0,200.0,,
S_src00471,S_src00471__lvl201,True,471,201,onehot_group,False,False,0.0,201.0,,
S_src00471,S_src00471__lvl202,True,471,202,onehot_group,False,False,0.0,202.0,,
S_src00471,S_src00471__lvl203,True,471,203,onehot_group,False,False,0.0,203.0,,
S_src00471,S_src00471__lvl204,True,471,204,onehot_group,False,False,0.0,204.0,,
S_src00471,S_src00471__lvl205,True,471,205,onehot_group,False,False,0.0,205.0,,
S_src00471,S_src00471__lvl206,True,471,206,onehot_group,False,False,0.0,206.0,,
S_src00471,S_src00471__lvl207,True,471,207,onehot_group,False,False,0.0,207.0,,
S_src00471,S_src00471__lvl208,True,471,208,onehot_group,False,False,0.0,208.0,,
S_src00471,S_src00471__lvl209,True,471,209,onehot_group,False,False,0.0,209.0,,
S_src00471,S_src00471__lvl210,True,471,210,onehot_group,False,False,0.0,210.0,,
S_src00471,S_src00471__lvl211,True,471,211,onehot_group,False,False,0.0,211.0,,
S_src00471,S_src00471__lvl212,True,471,212,onehot_group,False,False,0.0,212.0,,
S_src00471,S_src00471__lvl213,True,471,213,onehot_group,False,False,0.0,213.0,,
S_src00471,S_src00471__lvl214,True,471,214,onehot_group,False,False,0.0,214.0,,
S_src00471,S_src00471__lvl215,True,471,215,onehot_group,False,False,0.0,215.0,,
S_src00471,S_src00471__lvl216,True,471,216,onehot_group,False,False,0.0,216.0,,
S_src00471,S_src00471__lvl217,True,471,217,onehot_group,False,False,0.0,217.0,,
S_src00471,S_src00471__lvl218,True,471,218,onehot_group,False,False,0.0,218.0,,
S_src00471,S_src00471__lvl219,True,471,219,onehot_group,False,False,0.0,219.0,,
S_src00471,S_src00471__lvl220,True,471,220,onehot_group,False,False,0.0,220.0,,
S_src00471,S_src00471__lvl221,True,471,221,onehot_group,False,False,0.0,221.0,,
S_src00471,S_src00471__lvl222,True,471,222,onehot_group,False,False,0.0,222.0,,
S_src00471,S_src00471__lvl223,True,471,223,onehot_group,False,False,0.0,223.0,,
S_src00471,S_src00471__lvl224,True,471,224,onehot_group,False,False,0.0,224.0,,
S_src00471,S_src00471__lvl225,True,471,225,onehot_group,False,False,0.0,225.0,,
S_src00471,S_src00471__lvl226,True,471,226,onehot_group,False,False,0.0,226.0,,
S_src00471,S_src00471__lvl227,True,471,227,onehot_group,False,False,0.0,227.0,,
S_src00471,S_src00471__lvl228,True,471,228,onehot_group,False,False,0.0,228.0,,
S_src00471,S_src00471__lvl229,True,471,229,onehot_group,False,False,0.0,229.0,,
S_src00471,S_src00471__lvl230,True,471,230,onehot_group,False,False,0.0,230.0,,
S_src00471,S_src00471__lvl231,True,471,231,onehot_group,False,False,0.0,231.0,,
S_src00471,S_src00471__lvl232,True,471,232,onehot_group,False,False,0.0,232.0,,
S_src00471,S_src00471__lvl233,True,471,233,onehot_group,False,False,0.0,233.0,,
S_src00471,S_src00471__lvl234,True,471,234,onehot_group,False,False,0.0,234.0,,
S_src00471,S_src00471__lvl235,True,471,235,onehot_group,False,False,0.0,235.0,,
S_src00471,S_src00471__lvl236,True,471,236,onehot_group,False,False,0.0,236.0,,
S_src00471,S_src00471__lvl237,True,471,237,onehot_group,False,False,0.0,237.0,,
S_src00471,S_src00471__lvl238,True,471,238,onehot_group,False,False,0.0,238.0,,
S_src00471,S_src00471__lvl239,True,471,239,onehot_group,False,False,0.0,239.0,,
S_src00471,S_src00471__lvl240,True,471,240,onehot_group,False,False,0.0,240.0,,
S_src00471,S_src00471__lvl241,True,471,241,onehot_group,False,False,0.0,241.0,,
S_src00471,S_src00471__lvl242,True,471,242,onehot_group,False,False,0.0,242.0,,
S_src00471,S_src00471__lvl243,True,471,243,onehot_group,False,False,0.0,243.0,,
S_src00471,S_src00471__lvl244,True,471,244,onehot_group,False,False,0.0,244.0,,
S_src00471,S_src00471__lvl245,True,471,245,onehot_group,False,False,0.0,245.0,,
S_src00471,S_src00471__lvl246,True,471,246,onehot_group,False,False,0.0,246.0,,
S_src00471,S_src00471__lvl247,True,471,247,onehot_group,False,False,0.0,247.0,,
S_src00471,S_src00471__lvl248,True,471,248,onehot_group,False,False,0.0,248.0,,
S_src00471,S_src00471__lvl249,True,471,249,onehot_group,False,False,0.0,249.0,,
S_src00471,S_src00471__lvl250,True,471,250,onehot_group,False,False,0.0,250.0,,
S_src00471,S_src00471__lvl251,True,471,251,onehot_group,False,False,0.0,251.0,,
S_src00471,S_src00471__lvl252,True,471,252,onehot_group,False,False,0.0,252.0,,
S_src00471,S_src00471__lvl253,True,471,253,onehot_group,False,False,0.0,253.0,,
S_src00471,S_src00471__lvl254,True,471,254,onehot_group,False,False,0.0,254.0,,
S_src00471,S_src00471__lvl255,True,471,255,onehot_group,False,False,0.0,255.0,,
S_src00471,S_src00471__lvl256,True,471,256,onehot_group,False,False,0.0,256.0,,
S_src00471,S_src00471__lvl257,True,471,257,onehot_group,False,False,0.0,257.0,,
S_src00471,S_src00471__lvl258,True,471,258,onehot_group,False,False,0.0,258.0,,
S_src00471,S_src00471__lvl259,True,471,259,onehot_group,False,False,0.0,259.0,,
S_src00471,S_src00471__lvl260,True,471,260,onehot_group,False,False,0.0,260.0,,
S_src00471,S_src00471__lvl261,True,471,261,onehot_group,False,False,0.0,261.0,,
S_src00471,S_src00471__lvl262,True,471,262,onehot_group,False,False,0.0,262.0,,
S_src00471,S_src00471__lvl263,True,471,263,onehot_group,False,False,0.0,263.0,,
S_src00471,S_src00471__lvl264,True,471,264,onehot_group,False,False,0.0,264.0,,
S_src00471,S_src00471__lvl265,True,471,265,onehot_group,False,False,0.0,265.0,,
S_src00471,S_src00471__lvl266,True,471,266,onehot_group,False,False,0.0,266.0,,
S_src00471,S_src00471__lvl267,True,471,267,onehot_group,False,False,0.0,267.0,,
S_src00471,S_src00471__lvl268,True,471,268,onehot_group,False,False,0.0,268.0,,
S_src00471,S_src00471__lvl269,True,471,269,onehot_group,False,False,0.0,269.0,,
S_src00471,S_src00471__lvl270,True,471,270,onehot_group,False,False,0.0,270.0,,
S_src00471,S_src00471__lvl271,True,471,271,onehot_group,False,False,0.0,271.0,,
S_src00471,S_src00471__lvl272,True,471,272,onehot_group,False,False,0.0,272.0,,
S_src00471,S_src00471__lvl273,True,471,273,onehot_group,False,False,0.0,273.0,,
S_src00471,S_src00471__lvl274,True,471,274,onehot_group,False,False,0.0,274.0,,
S_src00471,S_src00471__lvl275,True,471,275,onehot_group,False,False,0.0,275.0,,
S_src00471,S_src00471__lvl276,True,471,276,onehot_group,False,False,0.0,276.0,,
S_src00471,S_src00471__lvl277,True,471,277,onehot_group,False,False,0.0,277.0,,
S_src00471,S_src00471__lvl278,True,471,278,onehot_group,False,False,0.0,278.0,,
S_src00471,S_src00471__lvl279,True,471,279,onehot_group,False,False,0.0,279.0,,
S_src00471,S_src00471__lvl280,True,471,280,onehot_group,False,False,0.0,280.0,,
S_src00471,S_src00471__lvl281,True,471,281,onehot_group,False,False,0.0,281.0,,
S_src00471,S_src00471__lvl282,True,471,282,onehot_group,False,False,0.0,282.0,,
S_src00471,S_src00471__lvl283,True,471,283,onehot_group,False,False,0.0,283.0,,
S_src00471,S_src00471__lvl284,True,471,284,onehot_group,False,False,0.0,284.0,,
S_src00471,S_src00471__lvl285,True,471,285,onehot_group,False,False,0.0,285.0,,
S_src00471,S_src00471__lvl286,True,471,286,onehot_group,False,False,0.0,286.0,,
S_src00471,S_src00471__lvl287,True,471,287,onehot_group,False,False,0.0,287.0,,
S_src00471,S_src00471__lvl288,True,471,288,onehot_group,False,False,0.0,288.0,,
S_src00471,S_src00471__lvl289,True,471,289,onehot_group,False,False,0.0,289.0,,
S_src00471,S_src00471__lvl290,True,471,290,onehot_group,False,False,0.0,290.0,,
S_src00471,S_src00471__lvl291,True,471,291,onehot_group,False,False,0.0,291.0,,
S_src00471,S_src00471__lvl292,True,471,292,onehot_group,False,False,0.0,292.0,,
S_src00471,S_src00471__lvl293,True,471,293,onehot_group,False,False,0.0,293.0,,
S_src00471,S_src00471__lvl294,True,471,294,onehot_group,False,False,0.0,294.0,,
S_src00471,S_src00471__lvl295,True,471,295,onehot_group,False,False,0.0,295.0,,
S_src00471,S_src00471__lvl296,True,471,296,onehot_group,False,False,0.0,296.0,,
S_src00471,S_src00471__lvl297,True,471,297,onehot_group,False,False,0.0,297.0,,
S_src00471,S_src00471__lvl298,True,471,298,onehot_group,False,False,0.0,298.0,,
S_src00471,S_src00471__lvl299,True,471,299,onehot_group,False,False,0.0,299.0,,
S_src00471,S_src00471__lvl300,True,471,300,onehot_group,False,False,0.0,300.0,,
S_src00471,S_src00471__lvl301,True,471,301,onehot_group,False,False,0.0,301.0,,
S_src00471,S_src00471__lvl302,True,471,302,onehot_group,False,False,0.0,302.0,,
S_src00471,S_src00471__lvl303,True,471,303,onehot_group,False,False,0.0,303.0,,
S_src00471,S_src00471__lvl304,True,471,304,onehot_group,False,False,0.0,304.0,,
S_src00471,S_src00471__lvl305,True,471,305,onehot_group,False,False,0.0,305.0,,
S_src00471,S_src00471__lvl306,True,471,306,onehot_group,False,False,0.0,306.0,,
S_src00471,S_src00471__lvl307,True,471,307,onehot_group,False,False,0.0,307.0,,
S_src00471,S_src00471__lvl308,True,471,308,onehot_group,False,False,0.0,308.0,,
S_src00471,S_src00471__lvl309,True,471,309,onehot_group,False,False,0.0,309.0,,
S_src00471,S_src00471__lvl310,True,471,310,onehot_group,False,False,0.0,310.0,,
S_src00471,S_src00471__lvl311,True,471,311,onehot_group,False,False,0.0,311.0,,
S_src00471,S_src00471__lvl312,True,471,312,onehot_group,False,False,0.0,312.0,,
S_src00471,S_src00471__lvl313,True,471,313,onehot_group,False,False,0.0,313.0,,
S_src00471,S_src00471__lvl314,True,471,314,onehot_group,False,False,0.0,314.0,,
S_src00471,S_src00471__lvl315,True,471,315,onehot_group,False,False,0.0,315.0,,
S_src00471,S_src00471__lvl316,True,471,316,onehot_group,False,False,0.0,316.0,,
S_src00471,S_src00471__lvl317,True,471,317,onehot_group,False,False,0.0,317.0,,
S_src00471,S_src00471__lvl318,True,471,318,onehot_group,False,False,0.0,318.0,,
S_src00471,S_src00471__lvl319,True,471,319,onehot_group,False,False,0.0,319.0,,
S_src00471,S_src00471__lvl320,True,471,320,onehot_group,False,False,0.0,320.0,,
S_src00471,S_src00471__lvl321,True,471,321,onehot_group,False,False,0.0,321.0,,
S_src00471,S_src00471__lvl322,True,471,322,onehot_group,False,False,0.0,322.0,,
S_src00471,S_src00471__lvl323,True,471,323,onehot_group,False,False,0.0,323.0,,
S_src00471,S_src00471__lvl324,True,471,324,onehot_group,False,False,0.0,324.0,,
S_src00471,S_src00471__lvl325,True,471,325,onehot_group,False,False,0.0,325.0,,
S_src00471,S_src00471__lvl326,True,471,326,onehot_group,False,False,0.0,326.0,,
S_src00471,S_src00471__lvl327,True,471,327,onehot_group,False,False,0.0,327.0,,
S_src00471,S_src00471__lvl328,True,471,328,onehot_group,False,False,0.0,328.0,,
S_src00471,S_src00471__lvl329,True,471,329,onehot_group,False,False,0.0,329.0,,
S_src00471,S_src00471__lvl330,True,471,330,onehot_group,False,False,0.0,330.0,,
S_src00471,S_src00471__lvl331,True,471,331,onehot_group,False,False,0.0,331.0,,
S_src00471,S_src00471__lvl332,True,471,332,onehot_group,False,False,0.0,332.0,,
S_src00471,S_src00471__lvl333,True,471,333,onehot_group,False,False,0.0,333.0,,
S_src00471,S_src00471__lvl334,True,471,334,onehot_group,False,False,0.0,334.0,,
S_src00471,S_src00471__lvl335,True,471,335,onehot_group,False,False,0.0,335.0,,
S_src00471,S_src00471__lvl336,True,471,336,onehot_group,False,False,0.0,336.0,,
S_src00471,S_src00471__lvl337,True,471,337,onehot_group,False,False,0.0,337.0,,
S_src00471,S_src00471__lvl338,True,471,338,onehot_group,False,False,0.0,338.0,,
S_src00471,S_src00471__lvl339,True,471,339,onehot_group,False,False,0.0,339.0,,
S_src00471,S_src00471__lvl340,True,471,340,onehot_group,False,False,0.0,340.0,,
S_src00471,S_src00471__lvl341,True,471,341,onehot_group,False,False,0.0,341.0,,
S_src00471,S_src00471__lvl342,True,471,342,onehot_group,False,False,0.0,342.0,,
S_src00471,S_src00471__lvl343,True,471,343,onehot_group,False,False,0.0,343.0,,
S_src00471,S_src00471__lvl344,True,471,344,onehot_group,False,False,0.0,344.0,,
S_src00471,S_src00471__lvl345,True,471,345,onehot_group,False,False,0.0,345.0,,
S_src00471,S_src00471__lvl346,True,471,346,onehot_group,False,False,0.0,346.0,,
S_src00471,S_src00471__lvl347,True,471,347,onehot_group,False,False,0.0,347.0,,
S_src00471,S_src00471__lvl348,True,471,348,onehot_group,False,False,0.0,348.0,,
S_src00471,S_src00471__lvl349,True,471,349,onehot_group,False,False,0.0,349.0,,
S_src00471,S_src00471__lvl350,True,471,350,onehot_group,False,False,0.0,350.0,,
S_src00471,S_src00471__lvl351,True,471,351,onehot_group,False,False,0.0,351.0,,
S_src00471,S_src00471__lvl352,True,471,352,onehot_group,False,False,0.0,352.0,,
S_src00471,S_src00471__lvl353,True,471,353,onehot_group,False,False,0.0,353.0,,
S_src00471,S_src00471__lvl354,True,471,354,onehot_group,False,False,0.0,354.0,,
S_src00471,S_src00471__lvl355,True,471,355,onehot_group,False,False,0.0,355.0,,
S_src00471,S_src00471__lvl356,True,471,356,onehot_group,False,False,0.0,356.0,,
S_src00471,S_src00471__lvl357,True,471,357,onehot_group,False,False,0.0,357.0,,
S_src00471,S_src00471__lvl358,True,471,358,onehot_group,False,False,0.0,358.0,,
S_src00471,S_src00471__lvl359,True,471,359,onehot_group,False,False,0.0,359.0,,
S_src00471,S_src00471__lvl360,True,471,360,onehot_group,False,False,0.0,360.0,,
S_src00471,S_src00471__lvl361,True,471,361,onehot_group,False,False,0.0,361.0,,
S_src00471,S_src00471__lvl362,True,471,362,onehot_group,False,False,0.0,362.0,,
S_src00471,S_src00471__lvl363,True,471,363,onehot_group,False,False,0.0,363.0,,
S_src00471,S_src00471__lvl364,True,471,364,onehot_group,False,False,0.0,364.0,,
S_src00471,S_src00471__lvl365,True,471,365,onehot_group,False,False,0.0,365.0,,
S_src00471,S_src00471__lvl366,True,471,366,onehot_group,False,False,0.0,366.0,,
S_src00471,S_src00471__lvl367,True,471,367,onehot_group,False,False,0.0,367.0,,
S_src00471,S_src00471__lvl368,True,471,368,onehot_group,False,False,0.0,368.0,,
S_src00471,S_src00471__lvl369,True,471,369,onehot_group,False,False,0.0,369.0,,
S_src00471,S_src00471__lvl370,True,471,370,onehot_group,False,False,0.0,370.0,,
S_src00471,S_src00471__lvl371,True,471,371,onehot_group,False,False,0.0,371.0,,
S_src00471,S_src00471__lvl372,True,471,372,onehot_group,False,False,0.0,372.0,,
S_src00471,S_src00471__lvl373,True,471,373,onehot_group,False,False,0.0,373.0,,
S_src00471,S_src00471__lvl374,True,471,374,onehot_group,False,False,0.0,374.0,,
S_src00471,S_src00471__lvl375,True,471,375,onehot_group,False,False,0.0,375.0,,
S_src00471,S_src00471__lvl376,True,471,376,onehot_group,False,False,0.0,376.0,,
S_src00471,S_src00471__lvl377,True,471,377,onehot_group,False,False,0.0,377.0,,
S_src00471,S_src00471__lvl378,True,471,378,onehot_group,False,False,0.0,378.0,,
S_src00471,S_src00471__lvl379,True,471,379,onehot_group,False,False,0.0,379.0,,
S_src00471,S_src00471__lvl380,True,471,380,onehot_group,False,False,0.0,380.0,,
S_src00471,S_src00471__lvl381,True,471,381,onehot_group,False,False,0.0,381.0,,
S_src00471,S_src00471__lvl382,True,471,382,onehot_group,False,False,0.0,382.0,,
S_src00471,S_src00471__lvl383,True,471,383,onehot_group,False,False,0.0,383.0,,
S_src00471,S_src00471__lvl384,True,471,384,onehot_group,False,False,0.0,384.0,,
S_src00471,S_src00471__lvl385,True,471,385,onehot_group,False,False,0.0,385.0,,
S_src00471,S_src00471__lvl386,True,471,386,onehot_group,False,False,0.0,386.0,,
S_src00471,S_src00471__lvl387,True,471,387,onehot_group,False,False,0.0,387.0,,
S_src00471,S_src00471__lvl388,True,471,388,onehot_group,False,False,0.0,388.0,,
S_src00471,S_src00471__lvl389,True,471,389,onehot_group,False,False,0.0,389.0,,
S_src00471,S_src00471__lvl390,True,471,390,onehot_group,False,False,0.0,390.0,,
S_src00471,S_src00471__lvl391,True,471,391,onehot_group,False,False,0.0,391.0,,
S_src00471,S_src00471__lvl392,True,471,392,onehot_group,False,False,0.0,392.0,,
S_src00471,S_src00471__lvl393,True,471,393,onehot_group,False,False,0.0,393.0,,
S_src00471,S_src00471__lvl394,True,471,394,onehot_group,False,False,0.0,394.0,,
S_src00471,S_src00471__lvl395,True,471,395,onehot_group,False,False,0.0,395.0,,
S_src00471,S_src00471__lvl396,True,471,396,onehot_group,False,False,0.0,396.0,,
S_src00471,S_src00471__lvl397,True,471,397,onehot_group,False,False,0.0,397.0,,
S_src00471,S_src00471__lvl398,True,471,398,onehot_group,False,False,0.0,398.0,,
S_src00471,S_src00471__lvl399,True,471,399,onehot_group,False,False,0.0,399.0,,
S_src00471,S_src00471__lvl400,True,471,400,onehot_group,False,False,0.0,400.0,,
S_src00471,S_src00471__lvl401,True,471,401,onehot_group,False,False,0.0,401.0,,
S_src00471,S_src00471__lvl402,True,471,402,onehot_group,False,False,0.0,402.0,,
S_src00471,S_src00471__lvl403,True,471,403,onehot_group,False,False,0.0,403.0,,
S_src00471,S_src00471__lvl404,True,471,404,onehot_group,False,False,0.0,404.0,,
S_src00471,S_src00471__lvl405,True,471,405,onehot_group,False,False,0.0,405.0,,
S_src00471,S_src00471__lvl406,True,471,406,onehot_group,False,False,0.0,406.0,,
S_src00471,S_src00471__lvl407,True,471,407,onehot_group,False,False,0.0,407.0,,
S_src00471,S_src00471__lvl408,True,471,408,onehot_group,False,False,0.0,408.0,,
S_src00471,S_src00471__lvl409,True,471,409,onehot_group,False,False,0.0,409.0,,
S_src00471,S_src00471__lvl410,True,471,410,onehot_group,False,False,0.0,410.0,,
S_src00471,S_src00471__lvl411,True,471,411,onehot_group,False,False,0.0,411.0,,
S_src00471,S_src00471__lvl412,True,471,412,onehot_group,False,False,0.0,412.0,,
S_src00471,S_src00471__lvl413,True,471,413,onehot_group,False,False,0.0,413.0,,
S_src00471,S_src00471__lvl414,True,471,414,onehot_group,False,False,0.0,414.0,,
S_src00471,S_src00471__lvl415,True,471,415,onehot_group,False,False,0.0,415.0,,
S_src00471,S_src00471__lvl416,True,471,416,onehot_group,False,False,0.0,416.0,,
S_src00471,S_src00471__lvl417,True,471,417,onehot_group,False,False,0.0,417.0,,
S_src00471,S_src00471__lvl418,True,471,418,onehot_group,False,False,0.0,418.0,,
S_src00471,S_src00471__lvl419,True,471,419,onehot_group,False,False,0.0,419.0,,
S_src00471,S_src00471__lvl420,True,471,420,onehot_group,False,False,0.0,420.0,,
S_src00472,S_src00472__lvl0,True,472,0,onehot_group,False,True,0.0,0.0,,
S_src00472,S_src00472__lvl1,True,472,1,onehot_group,False,False,0.0,1.0,,
S_src00472,S_src00472__lvl2,True,472,2,onehot_group,False,False,0.0,2.0,,
S_src00473,S_src00473__lvl0,True,473,0,onehot_group,False,True,0.0,0.0,,
S_src00473,S_src00473__lvl1,True,473,1,onehot_group,False,False,0.0,1.0,,
S_src00473,S_src00473__lvl2,True,473,2,onehot_group,False,False,0.0,2.0,,
S_src00473,S_src00473__lvl3,True,473,3,onehot_group,False,False,0.0,3.0,,
S_src00473,S_src00473__lvl4,True,473,4,onehot_group,False,False,0.0,4.0,,
S_src00473,S_src00473__lvl5,True,473,5,onehot_group,False,False,0.0,5.0,,
S_src00473,S_src00473__lvl6,True,473,6,onehot_group,False,False,0.0,6.0,,
S_src00473,S_src00473__lvl7,True,473,7,onehot_group,False,False,0.0,7.0,,
S_src00473,S_src00473__lvl8,True,473,8,onehot_group,False,False,0.0,8.0,,
S_src00473,S_src00473__lvl9,True,473,9,onehot_group,False,False,0.0,9.0,,
S_src00473,S_src00473__lvl10,True,473,10,onehot_group,False,False,0.0,10.0,,
S_src00473,S_src00473__lvl11,True,473,11,onehot_group,False,False,0.0,11.0,,
S_src00473,S_src00473__lvl12,True,473,12,onehot_group,False,False,0.0,12.0,,
S_src00473,S_src00473__lvl13,True,473,13,onehot_group,False,False,0.0,13.0,,
S_src00473,S_src00473__lvl14,True,473,14,onehot_group,False,False,0.0,14.0,,
S_src00473,S_src00473__lvl15,True,473,15,onehot_group,False,False,0.0,15.0,,
S_src00473,S_src00473__lvl16,True,473,16,onehot_group,False,False,0.0,16.0,,
S_src00473,S_src00473__lvl17,True,473,17,onehot_group,False,False,0.0,17.0,,
S_src00473,S_src00473__lvl18,True,473,18,onehot_group,False,False,0.0,18.0,,
S_src00473,S_src00473__lvl19,True,473,19,onehot_group,False,False,0.0,19.0,,
S_src00473,S_src00473__lvl20,True,473,20,onehot_group,False,False,0.0,20.0,,
S_src00473,S_src00473__lvl21,True,473,21,onehot_group,False,False,0.0,21.0,,
S_src00473,S_src00473__lvl22,True,473,22,onehot_group,False,False,0.0,22.0,,
S_src00473,S_src00473__lvl23,True,473,23,onehot_group,False,False,0.0,23.0,,
S_src00473,S_src00473__lvl24,True,473,24,onehot_group,False,False,0.0,24.0,,
S_src00473,S_src00473__lvl25,True,473,25,onehot_group,False,False,0.0,25.0,,
S_src00473,S_src00473__lvl26,True,473,26,onehot_group,False,False,0.0,26.0,,
S_src00473,S_src00473__lvl27,True,473,27,onehot_group,False,False,0.0,27.0,,
S_src00473,S_src00473__lvl28,True,473,28,onehot_group,False,False,0.0,28.0,,
S_src00473,S_src00473__lvl29,True,473,29,onehot_group,False,False,0.0,29.0,,
S_src00473,S_src00473__lvl30,True,473,30,onehot_group,False,False,0.0,30.0,,
S_src00473,S_src00473__lvl31,True,473,31,onehot_group,False,False,0.0,31.0,,
S_src00473,S_src00473__lvl32,True,473,32,onehot_group,False,False,0.0,32.0,,
S_src00473,S_src00473__lvl33,True,473,33,onehot_group,False,False,0.0,33.0,,
S_src00473,S_src00473__lvl34,True,473,34,onehot_group,False,False,0.0,34.0,,
S_src00473,S_src00473__lvl35,True,473,35,onehot_group,False,False,0.0,35.0,,
S_src00473,S_src00473__lvl36,True,473,36,onehot_group,False,False,0.0,36.0,,
S_src00473,S_src00473__lvl37,True,473,37,onehot_group,False,False,0.0,37.0,,
S_src00473,S_src00473__lvl38,True,473,38,onehot_group,False,False,0.0,38.0,,
S_src00473,S_src00473__lvl39,True,473,39,onehot_group,False,False,0.0,39.0,,
S_src00473,S_src00473__lvl40,True,473,40,onehot_group,False,False,0.0,40.0,,
S_src00473,S_src00473__lvl41,True,473,41,onehot_group,False,False,0.0,41.0,,
S_src00473,S_src00473__lvl42,True,473,42,onehot_group,False,False,0.0,42.0,,
S_src00473,S_src00473__lvl43,True,473,43,onehot_group,False,False,0.0,43.0,,
S_src00473,S_src00473__lvl44,True,473,44,onehot_group,False,False,0.0,44.0,,
S_src00473,S_src00473__lvl45,True,473,45,onehot_group,False,False,0.0,45.0,,
S_src00473,S_src00473__lvl46,True,473,46,onehot_group,False,False,0.0,46.0,,
S_src00473,S_src00473__lvl47,True,473,47,onehot_group,False,False,0.0,47.0,,
S_src00473,S_src00473__lvl48,True,473,48,onehot_group,False,False,0.0,48.0,,
S_src00473,S_src00473__lvl49,True,473,49,onehot_group,False,False,0.0,49.0,,
S_src00473,S_src00473__lvl50,True,473,50,onehot_group,False,False,0.0,50.0,,
S_src00473,S_src00473__lvl51,True,473,51,onehot_group,False,False,0.0,51.0,,
S_src00473,S_src00473__lvl52,True,473,52,onehot_group,False,False,0.0,52.0,,
S_src00473,S_src00473__lvl53,True,473,53,onehot_group,False,False,0.0,53.0,,
S_src00473,S_src00473__lvl54,True,473,54,onehot_group,False,False,0.0,54.0,,
S_src00473,S_src00473__lvl55,True,473,55,onehot_group,False,False,0.0,55.0,,
S_src00473,S_src00473__lvl56,True,473,56,onehot_group,False,False,0.0,56.0,,
S_src00473,S_src00473__lvl57,True,473,57,onehot_group,False,False,0.0,57.0,,
S_src00473,S_src00473__lvl58,True,473,58,onehot_group,False,False,0.0,58.0,,
S_src00473,S_src00473__lvl59,True,473,59,onehot_group,False,False,0.0,59.0,,
S_src00473,S_src00473__lvl60,True,473,60,onehot_group,False,False,0.0,60.0,,
S_src00473,S_src00473__lvl61,True,473,61,onehot_group,False,False,0.0,61.0,,
S_src00473,S_src00473__lvl62,True,473,62,onehot_group,False,False,0.0,62.0,,
S_src00473,S_src00473__lvl63,True,473,63,onehot_group,False,False,0.0,63.0,,
S_src00473,S_src00473__lvl64,True,473,64,onehot_group,False,False,0.0,64.0,,
S_src00473,S_src00473__lvl65,True,473,65,onehot_group,False,False,0.0,65.0,,
S_src00473,S_src00473__lvl66,True,473,66,onehot_group,False,False,0.0,66.0,,
S_src00473,S_src00473__lvl67,True,473,67,onehot_group,False,False,0.0,67.0,,
S_src00473,S_src00473__lvl68,True,473,68,onehot_group,False,False,0.0,68.0,,
S_src00473,S_src00473__lvl69,True,473,69,onehot_group,False,False,0.0,69.0,,
S_src00473,S_src00473__lvl70,True,473,70,onehot_group,False,False,0.0,70.0,,
S_src00473,S_src00473__lvl71,True,473,71,onehot_group,False,False,0.0,71.0,,
S_src00473,S_src00473__lvl72,True,473,72,onehot_group,False,False,0.0,72.0,,
S_src00473,S_src00473__lvl73,True,473,73,onehot_group,False,False,0.0,73.0,,
S_src00473,S_src00473__lvl74,True,473,74,onehot_group,False,False,0.0,74.0,,
S_src00473,S_src00473__lvl75,True,473,75,onehot_group,False,False,0.0,75.0,,
S_src00473,S_src00473__lvl76,True,473,76,onehot_group,False,False,0.0,76.0,,
S_src00473,S_src00473__lvl77,True,473,77,onehot_group,False,False,0.0,77.0,,
S_src00473,S_src00473__lvl78,True,473,78,onehot_group,False,False,0.0,78.0,,
S_src00473,S_src00473__lvl79,True,473,79,onehot_group,False,False,0.0,79.0,,
S_src00473,S_src00473__lvl80,True,473,80,onehot_group,False,False,0.0,80.0,,
S_src00473,S_src00473__lvl81,True,473,81,onehot_group,False,False,0.0,81.0,,
S_src00473,S_src00473__lvl82,True,473,82,onehot_group,False,False,0.0,82.0,,
S_src00473,S_src00473__lvl83,True,473,83,onehot_group,False,False,0.0,83.0,,
S_src00473,S_src00473__lvl84,True,473,84,onehot_group,False,False,0.0,84.0,,
S_src00473,S_src00473__lvl85,True,473,85,onehot_group,False,False,0.0,85.0,,
S_src00473,S_src00473__lvl86,True,473,86,onehot_group,False,False,0.0,86.0,,
S_src00473,S_src00473__lvl87,True,473,87,onehot_group,False,False,0.0,87.0,,
S_src00473,S_src00473__lvl88,True,473,88,onehot_group,False,False,0.0,88.0,,
S_src00473,S_src00473__lvl89,True,473,89,onehot_group,False,False,0.0,89.0,,
S_src00473,S_src00473__lvl90,True,473,90,onehot_group,False,False,0.0,90.0,,
S_src00473,S_src00473__lvl91,True,473,91,onehot_group,False,False,0.0,91.0,,
S_src00473,S_src00473__lvl92,True,473,92,onehot_group,False,False,0.0,92.0,,
S_src00473,S_src00473__lvl93,True,473,93,onehot_group,False,False,0.0,93.0,,
S_src00473,S_src00473__lvl94,True,473,94,onehot_group,False,False,0.0,94.0,,
S_src00473,S_src00473__lvl95,True,473,95,onehot_group,False,False,0.0,95.0,,
S_src00473,S_src00473__lvl96,True,473,96,onehot_group,False,False,0.0,96.0,,
S_src00473,S_src00473__lvl97,True,473,97,onehot_group,False,False,0.0,97.0,,
S_src00473,S_src00473__lvl98,True,473,98,onehot_group,False,False,0.0,98.0,,
S_src00473,S_src00473__lvl99,True,473,99,onehot_group,False,False,0.0,99.0,,
S_src00473,S_src00473__lvl100,True,473,100,onehot_group,False,False,0.0,100.0,,
S_src00473,S_src00473__lvl101,True,473,101,onehot_group,False,False,0.0,101.0,,
S_src00473,S_src00473__lvl102,True,473,102,onehot_group,False,False,0.0,102.0,,
S_src00473,S_src00473__lvl103,True,473,103,onehot_group,False,False,0.0,103.0,,
S_src00473,S_src00473__lvl104,True,473,104,onehot_group,False,False,0.0,104.0,,
S_src00473,S_src00473__lvl105,True,473,105,onehot_group,False,False,0.0,105.0,,
S_src00473,S_src00473__lvl106,True,473,106,onehot_group,False,False,0.0,106.0,,
S_src00473,S_src00473__lvl107,True,473,107,onehot_group,False,False,0.0,107.0,,
S_src00473,S_src00473__lvl108,True,473,108,onehot_group,False,False,0.0,108.0,,
S_src00473,S_src00473__lvl109,True,473,109,onehot_group,False,False,0.0,109.0,,
S_src00473,S_src00473__lvl110,True,473,110,onehot_group,False,False,0.0,110.0,,
S_src00473,S_src00473__lvl111,True,473,111,onehot_group,False,False,0.0,111.0,,
S_src00473,S_src00473__lvl112,True,473,112,onehot_group,False,False,0.0,112.0,,
S_src00473,S_src00473__lvl113,True,473,113,onehot_group,False,False,0.0,113.0,,
S_src00473,S_src00473__lvl114,True,473,114,onehot_group,False,False,0.0,114.0,,
S_src00473,S_src00473__lvl115,True,473,115,onehot_group,False,False,0.0,115.0,,
S_src00473,S_src00473__lvl116,True,473,116,onehot_group,False,False,0.0,116.0,,
S_src00473,S_src00473__lvl117,True,473,117,onehot_group,False,False,0.0,117.0,,
S_src00473,S_src00473__lvl118,True,473,118,onehot_group,False,False,0.0,118.0,,
S_src00473,S_src00473__lvl119,True,473,119,onehot_group,False,False,0.0,119.0,,
S_src00473,S_src00473__lvl120,True,473,120,onehot_group,False,False,0.0,120.0,,
S_src00473,S_src00473__lvl121,True,473,121,onehot_group,False,False,0.0,121.0,,
S_src00473,S_src00473__lvl122,True,473,122,onehot_group,False,False,0.0,122.0,,
S_src00473,S_src00473__lvl123,True,473,123,onehot_group,False,False,0.0,123.0,,
S_src00473,S_src00473__lvl124,True,473,124,onehot_group,False,False,0.0,124.0,,
S_src00473,S_src00473__lvl125,True,473,125,onehot_group,False,False,0.0,125.0,,
S_src00473,S_src00473__lvl126,True,473,126,onehot_group,False,False,0.0,126.0,,
S_src00473,S_src00473__lvl127,True,473,127,onehot_group,False,False,0.0,127.0,,
S_src00473,S_src00473__lvl128,True,473,128,onehot_group,False,False,0.0,128.0,,
S_src00473,S_src00473__lvl129,True,473,129,onehot_group,False,False,0.0,129.0,,
S_src00473,S_src00473__lvl130,True,473,130,onehot_group,False,False,0.0,130.0,,
S_src00473,S_src00473__lvl131,True,473,131,onehot_group,False,False,0.0,131.0,,
S_src00473,S_src00473__lvl132,True,473,132,onehot_group,False,False,0.0,132.0,,
S_src00473,S_src00473__lvl133,True,473,133,onehot_group,False,False,0.0,133.0,,
S_src00473,S_src00473__lvl134,True,473,134,onehot_group,False,False,0.0,134.0,,
S_src00473,S_src00473__lvl135,True,473,135,onehot_group,False,False,0.0,135.0,,
S_src00473,S_src00473__lvl136,True,473,136,onehot_group,False,False,0.0,136.0,,
S_src00473,S_src00473__lvl137,True,473,137,onehot_group,False,False,0.0,137.0,,
S_src00473,S_src00473__lvl138,True,473,138,onehot_group,False,False,0.0,138.0,,
S_src00473,S_src00473__lvl139,True,473,139,onehot_group,False,False,0.0,139.0,,
S_src00473,S_src00473__lvl140,True,473,140,onehot_group,False,False,0.0,140.0,,
S_src00473,S_src00473__lvl141,True,473,141,onehot_group,False,False,0.0,141.0,,
S_src00473,S_src00473__lvl142,True,473,142,onehot_group,False,False,0.0,142.0,,
S_src00473,S_src00473__lvl143,True,473,143,onehot_group,False,False,0.0,143.0,,
S_src00473,S_src00473__lvl144,True,473,144,onehot_group,False,False,0.0,144.0,,
S_src00473,S_src00473__lvl145,True,473,145,onehot_group,False,False,0.0,145.0,,
S_src00473,S_src00473__lvl146,True,473,146,onehot_group,False,False,0.0,146.0,,
S_src00473,S_src00473__lvl147,True,473,147,onehot_group,False,False,0.0,147.0,,
S_src00473,S_src00473__lvl148,True,473,148,onehot_group,False,False,0.0,148.0,,
S_src00473,S_src00473__lvl149,True,473,149,onehot_group,False,False,0.0,149.0,,
S_src00473,S_src00473__lvl150,True,473,150,onehot_group,False,False,0.0,150.0,,
S_src00473,S_src00473__lvl151,True,473,151,onehot_group,False,False,0.0,151.0,,
S_src00473,S_src00473__lvl152,True,473,152,onehot_group,False,False,0.0,152.0,,
S_src00473,S_src00473__lvl153,True,473,153,onehot_group,False,False,0.0,153.0,,
S_src00473,S_src00473__lvl154,True,473,154,onehot_group,False,False,0.0,154.0,,
S_src00473,S_src00473__lvl155,True,473,155,onehot_group,False,False,0.0,155.0,,
S_src00473,S_src00473__lvl156,True,473,156,onehot_group,False,False,0.0,156.0,,
S_src00473,S_src00473__lvl157,True,473,157,onehot_group,False,False,0.0,157.0,,
S_src00473,S_src00473__lvl158,True,473,158,onehot_group,False,False,0.0,158.0,,
S_src00473,S_src00473__lvl159,True,473,159,onehot_group,False,False,0.0,159.0,,
S_src00473,S_src00473__lvl160,True,473,160,onehot_group,False,False,0.0,160.0,,
S_src00473,S_src00473__lvl161,True,473,161,onehot_group,False,False,0.0,161.0,,
S_src00473,S_src00473__lvl162,True,473,162,onehot_group,False,False,0.0,162.0,,
S_src00473,S_src00473__lvl163,True,473,163,onehot_group,False,False,0.0,163.0,,
S_src00473,S_src00473__lvl164,True,473,164,onehot_group,False,False,0.0,164.0,,
S_src00473,S_src00473__lvl165,True,473,165,onehot_group,False,False,0.0,165.0,,
S_src00473,S_src00473__lvl166,True,473,166,onehot_group,False,False,0.0,166.0,,
S_src00473,S_src00473__lvl167,True,473,167,onehot_group,False,False,0.0,167.0,,
S_src00473,S_src00473__lvl168,True,473,168,onehot_group,False,False,0.0,168.0,,
S_src00473,S_src00473__lvl169,True,473,169,onehot_group,False,False,0.0,169.0,,
S_src00473,S_src00473__lvl170,True,473,170,onehot_group,False,False,0.0,170.0,,
S_src00473,S_src00473__lvl171,True,473,171,onehot_group,False,False,0.0,171.0,,
S_src00473,S_src00473__lvl172,True,473,172,onehot_group,False,False,0.0,172.0,,
S_src00473,S_src00473__lvl173,True,473,173,onehot_group,False,False,0.0,173.0,,
S_src00473,S_src00473__lvl174,True,473,174,onehot_group,False,False,0.0,174.0,,
S_src00473,S_src00473__lvl175,True,473,175,onehot_group,False,False,0.0,175.0,,
S_src00473,S_src00473__lvl176,True,473,176,onehot_group,False,False,0.0,176.0,,
S_src00473,S_src00473__lvl177,True,473,177,onehot_group,False,False,0.0,177.0,,
S_src00473,S_src00473__lvl178,True,473,178,onehot_group,False,False,0.0,178.0,,
S_src00473,S_src00473__lvl179,True,473,179,onehot_group,False,False,0.0,179.0,,
S_src00473,S_src00473__lvl180,True,473,180,onehot_group,False,False,0.0,180.0,,
S_src00473,S_src00473__lvl181,True,473,181,onehot_group,False,False,0.0,181.0,,
S_src00473,S_src00473__lvl182,True,473,182,onehot_group,False,False,0.0,182.0,,
S_src00473,S_src00473__lvl183,True,473,183,onehot_group,False,False,0.0,183.0,,
S_src00473,S_src00473__lvl184,True,473,184,onehot_group,False,False,0.0,184.0,,
S_src00473,S_src00473__lvl185,True,473,185,onehot_group,False,False,0.0,185.0,,
S_src00473,S_src00473__lvl186,True,473,186,onehot_group,False,False,0.0,186.0,,
S_src00473,S_src00473__lvl187,True,473,187,onehot_group,False,False,0.0,187.0,,
S_src00473,S_src00473__lvl188,True,473,188,onehot_group,False,False,0.0,188.0,,
S_src00473,S_src00473__lvl189,True,473,189,onehot_group,False,False,0.0,189.0,,
S_src00473,S_src00473__lvl190,True,473,190,onehot_group,False,False,0.0,190.0,,
S_src00473,S_src00473__lvl191,True,473,191,onehot_group,False,False,0.0,191.0,,
S_src00473,S_src00473__lvl192,True,473,192,onehot_group,False,False,0.0,192.0,,
S_src00473,S_src00473__lvl193,True,473,193,onehot_group,False,False,0.0,193.0,,
S_src00473,S_src00473__lvl194,True,473,194,onehot_group,False,False,0.0,194.0,,
S_src00473,S_src00473__lvl195,True,473,195,onehot_group,False,False,0.0,195.0,,
S_src00473,S_src00473__lvl196,True,473,196,onehot_group,False,False,0.0,196.0,,
S_src00473,S_src00473__lvl197,True,473,197,onehot_group,False,False,0.0,197.0,,
S_src00473,S_src00473__lvl198,True,473,198,onehot_group,False,False,0.0,198.0,,
S_src00473,S_src00473__lvl199,True,473,199,onehot_group,False,False,0.0,199.0,,
S_src00473,S_src00473__lvl200,True,473,200,onehot_group,False,False,0.0,200.0,,
S_src00473,S_src00473__lvl201,True,473,201,onehot_group,False,False,0.0,201.0,,
S_src00473,S_src00473__lvl202,True,473,202,onehot_group,False,False,0.0,202.0,,
S_src00473,S_src00473__lvl203,True,473,203,onehot_group,False,False,0.0,203.0,,
S_src00473,S_src00473__lvl204,True,473,204,onehot_group,False,False,0.0,204.0,,
S_src00473,S_src00473__lvl205,True,473,205,onehot_group,False,False,0.0,205.0,,
S_src00473,S_src00473__lvl206,True,473,206,onehot_group,False,False,0.0,206.0,,
S_src00473,S_src00473__lvl207,True,473,207,onehot_group,False,False,0.0,207.0,,
S_src00473,S_src00473__lvl208,True,473,208,onehot_group,False,False,0.0,208.0,,
S_src00473,S_src00473__lvl209,True,473,209,onehot_group,False,False,0.0,209.0,,
S_src00473,S_src00473__lvl210,True,473,210,onehot_group,False,False,0.0,210.0,,
S_src00473,S_src00473__lvl211,True,473,211,onehot_group,False,False,0.0,211.0,,
S_src00473,S_src00473__lvl212,True,473,212,onehot_group,False,False,0.0,212.0,,
S_src00473,S_src00473__lvl213,True,473,213,onehot_group,False,False,0.0,213.0,,
S_src00473,S_src00473__lvl214,True,473,214,onehot_group,False,False,0.0,214.0,,
S_src00473,S_src00473__lvl215,True,473,215,onehot_group,False,False,0.0,215.0,,
S_src00473,S_src00473__lvl216,True,473,216,onehot_group,False,False,0.0,216.0,,
S_src00473,S_src00473__lvl217,True,473,217,onehot_group,False,False,0.0,217.0,,
S_src00473,S_src00473__lvl218,True,473,218,onehot_group,False,False,0.0,218.0,,
S_src00473,S_src00473__lvl219,True,473,219,onehot_group,False,False,0.0,219.0,,
S_src00473,S_src00473__lvl220,True,473,220,onehot_group,False,False,0.0,220.0,,
S_src00473,S_src00473__lvl221,True,473,221,onehot_group,False,False,0.0,221.0,,
S_src00473,S_src00473__lvl222,True,473,222,onehot_group,False,False,0.0,222.0,,
S_src00473,S_src00473__lvl223,True,473,223,onehot_group,False,False,0.0,223.0,,
S_src00473,S_src00473__lvl224,True,473,224,onehot_group,False,False,0.0,224.0,,
S_src00473,S_src00473__lvl225,True,473,225,onehot_group,False,False,0.0,225.0,,
S_src00473,S_src00473__lvl226,True,473,226,onehot_group,False,False,0.0,226.0,,
S_src00473,S_src00473__lvl227,True,473,227,onehot_group,False,False,0.0,227.0,,
S_src00473,S_src00473__lvl228,True,473,228,onehot_group,False,False,0.0,228.0,,
S_src00473,S_src00473__lvl229,True,473,229,onehot_group,False,False,0.0,229.0,,
S_src00473,S_src00473__lvl230,True,473,230,onehot_group,False,False,0.0,230.0,,
S_src00473,S_src00473__lvl231,True,473,231,onehot_group,False,False,0.0,231.0,,
S_src00473,S_src00473__lvl232,True,473,232,onehot_group,False,False,0.0,232.0,,
S_src00473,S_src00473__lvl233,True,473,233,onehot_group,False,False,0.0,233.0,,
S_src00473,S_src00473__lvl234,True,473,234,onehot_group,False,False,0.0,234.0,,
S_src00473,S_src00473__lvl235,True,473,235,onehot_group,False,False,0.0,235.0,,
S_src00473,S_src00473__lvl236,True,473,236,onehot_group,False,False,0.0,236.0,,
S_src00473,S_src00473__lvl237,True,473,237,onehot_group,False,False,0.0,237.0,,
S_src00473,S_src00473__lvl238,True,473,238,onehot_group,False,False,0.0,238.0,,
S_src00473,S_src00473__lvl239,True,473,239,onehot_group,False,False,0.0,239.0,,
S_src00473,S_src00473__lvl240,True,473,240,onehot_group,False,False,0.0,240.0,,
S_src00473,S_src00473__lvl241,True,473,241,onehot_group,False,False,0.0,241.0,,
S_src00473,S_src00473__lvl242,True,473,242,onehot_group,False,False,0.0,242.0,,
S_src00473,S_src00473__lvl243,True,473,243,onehot_group,False,False,0.0,243.0,,
S_src00473,S_src00473__lvl244,True,473,244,onehot_group,False,False,0.0,244.0,,
S_src00473,S_src00473__lvl245,True,473,245,onehot_group,False,False,0.0,245.0,,
S_src00473,S_src00473__lvl246,True,473,246,onehot_group,False,False,0.0,246.0,,
S_src00473,S_src00473__lvl247,True,473,247,onehot_group,False,False,0.0,247.0,,
S_src00473,S_src00473__lvl248,True,473,248,onehot_group,False,False,0.0,248.0,,
S_src00473,S_src00473__lvl249,True,473,249,onehot_group,False,False,0.0,249.0,,
S_src00473,S_src00473__lvl250,True,473,250,onehot_group,False,False,0.0,250.0,,
S_src00473,S_src00473__lvl251,True,473,251,onehot_group,False,False,0.0,251.0,,
S_src00473,S_src00473__lvl252,True,473,252,onehot_group,False,False,0.0,252.0,,
S_src00473,S_src00473__lvl253,True,473,253,onehot_group,False,False,0.0,253.0,,
S_src00473,S_src00473__lvl254,True,473,254,onehot_group,False,False,0.0,254.0,,
S_src00473,S_src00473__lvl255,True,473,255,onehot_group,False,False,0.0,255.0,,
S_src00473,S_src00473__lvl256,True,473,256,onehot_group,False,False,0.0,256.0,,
S_src00473,S_src00473__lvl257,True,473,257,onehot_group,False,False,0.0,257.0,,
S_src00473,S_src00473__lvl258,True,473,258,onehot_group,False,False,0.0,258.0,,
S_src00473,S_src00473__lvl259,True,473,259,onehot_group,False,False,0.0,259.0,,
S_src00473,S_src00473__lvl260,True,473,260,onehot_group,False,False,0.0,260.0,,
S_src00473,S_src00473__lvl261,True,473,261,onehot_group,False,False,0.0,261.0,,
S_src00473,S_src00473__lvl262,True,473,262,onehot_group,False,False,0.0,262.0,,
S_src00473,S_src00473__lvl263,True,473,263,onehot_group,False,False,0.0,263.0,,
S_src00473,S_src00473__lvl264,True,473,264,onehot_group,False,False,0.0,264.0,,
S_src00473,S_src00473__lvl265,True,473,265,onehot_group,False,False,0.0,265.0,,
S_src00473,S_src00473__lvl266,True,473,266,onehot_group,False,False,0.0,266.0,,
S_src00473,S_src00473__lvl267,True,473,267,onehot_group,False,False,0.0,267.0,,
S_src00473,S_src00473__lvl268,True,473,268,onehot_group,False,False,0.0,268.0,,
S_src00473,S_src00473__lvl269,True,473,269,onehot_group,False,False,0.0,269.0,,
S_src00473,S_src00473__lvl270,True,473,270,onehot_group,False,False,0.0,270.0,,
S_src00473,S_src00473__lvl271,True,473,271,onehot_group,False,False,0.0,271.0,,
S_src00473,S_src00473__lvl272,True,473,272,onehot_group,False,False,0.0,272.0,,
S_src00473,S_src00473__lvl273,True,473,273,onehot_group,False,False,0.0,273.0,,
S_src00473,S_src00473__lvl274,True,473,274,onehot_group,False,False,0.0,274.0,,
S_src00473,S_src00473__lvl275,True,473,275,onehot_group,False,False,0.0,275.0,,
S_src00473,S_src00473__lvl276,True,473,276,onehot_group,False,False,0.0,276.0,,
S_src00473,S_src00473__lvl277,True,473,277,onehot_group,False,False,0.0,277.0,,
S_src00473,S_src00473__lvl278,True,473,278,onehot_group,False,False,0.0,278.0,,
S_src00473,S_src00473__lvl279,True,473,279,onehot_group,False,False,0.0,279.0,,
S_src00473,S_src00473__lvl280,True,473,280,onehot_group,False,False,0.0,280.0,,
S_src00473,S_src00473__lvl281,True,473,281,onehot_group,False,False,0.0,281.0,,
S_src00473,S_src00473__lvl282,True,473,282,onehot_group,False,False,0.0,282.0,,
S_src00473,S_src00473__lvl283,True,473,283,onehot_group,False,False,0.0,283.0,,
S_src00473,S_src00473__lvl284,True,473,284,onehot_group,False,False,0.0,284.0,,
S_src00473,S_src00473__lvl285,True,473,285,onehot_group,False,False,0.0,285.0,,
S_src00473,S_src00473__lvl286,True,473,286,onehot_group,False,False,0.0,286.0,,
S_src00473,S_src00473__lvl287,True,473,287,onehot_group,False,False,0.0,287.0,,
S_src00473,S_src00473__lvl288,True,473,288,onehot_group,False,False,0.0,288.0,,
S_src00473,S_src00473__lvl289,True,473,289,onehot_group,False,False,0.0,289.0,,
S_src00473,S_src00473__lvl290,True,473,290,onehot_group,False,False,0.0,290.0,,
S_src00473,S_src00473__lvl291,True,473,291,onehot_group,False,False,0.0,291.0,,
S_src00473,S_src00473__lvl292,True,473,292,onehot_group,False,False,0.0,292.0,,
S_src00473,S_src00473__lvl293,True,473,293,onehot_group,False,False,0.0,293.0,,
S_src00473,S_src00473__lvl294,True,473,294,onehot_group,False,False,0.0,294.0,,
S_src00473,S_src00473__lvl295,True,473,295,onehot_group,False,False,0.0,295.0,,
S_src00473,S_src00473__lvl296,True,473,296,onehot_group,False,False,0.0,296.0,,
S_src00473,S_src00473__lvl297,True,473,297,onehot_group,False,False,0.0,297.0,,
S_src00473,S_src00473__lvl298,True,473,298,onehot_group,False,False,0.0,298.0,,
S_src00473,S_src00473__lvl299,True,473,299,onehot_group,False,False,0.0,299.0,,
S_src00473,S_src00473__lvl300,True,473,300,onehot_group,False,False,0.0,300.0,,
S_src00473,S_src00473__lvl301,True,473,301,onehot_group,False,False,0.0,301.0,,
S_src00473,S_src00473__lvl302,True,473,302,onehot_group,False,False,0.0,302.0,,
S_src00473,S_src00473__lvl303,True,473,303,onehot_group,False,False,0.0,303.0,,
S_src00473,S_src00473__lvl304,True,473,304,onehot_group,False,False,0.0,304.0,,
S_src00473,S_src00473__lvl305,True,473,305,onehot_group,False,False,0.0,305.0,,
S_src00473,S_src00473__lvl306,True,473,306,onehot_group,False,False,0.0,306.0,,
S_src00473,S_src00473__lvl307,True,473,307,onehot_group,False,False,0.0,307.0,,
S_src00473,S_src00473__lvl308,True,473,308,onehot_group,False,False,0.0,308.0,,
S_src00473,S_src00473__lvl309,True,473,309,onehot_group,False,False,0.0,309.0,,
S_src00473,S_src00473__lvl310,True,473,310,onehot_group,False,False,0.0,310.0,,
S_src00473,S_src00473__lvl311,True,473,311,onehot_group,False,False,0.0,311.0,,
S_src00473,S_src00473__lvl312,True,473,312,onehot_group,False,False,0.0,312.0,,
S_src00473,S_src00473__lvl313,True,473,313,onehot_group,False,False,0.0,313.0,,
S_src00473,S_src00473__lvl314,True,473,314,onehot_group,False,False,0.0,314.0,,
S_src00473,S_src00473__lvl315,True,473,315,onehot_group,False,False,0.0,315.0,,
S_src00473,S_src00473__lvl316,True,473,316,onehot_group,False,False,0.0,316.0,,
S_src00473,S_src00473__lvl317,True,473,317,onehot_group,False,False,0.0,317.0,,
S_src00473,S_src00473__lvl318,True,473,318,onehot_group,False,False,0.0,318.0,,
S_src00473,S_src00473__lvl319,True,473,319,onehot_group,False,False,0.0,319.0,,
S_src00473,S_src00473__lvl320,True,473,320,onehot_group,False,False,0.0,320.0,,
S_src00473,S_src00473__lvl321,True,473,321,onehot_group,False,False,0.0,321.0,,
S_src00473,S_src00473__lvl322,True,473,322,onehot_group,False,False,0.0,322.0,,
S_src00473,S_src00473__lvl323,True,473,323,onehot_group,False,False,0.0,323.0,,
S_src00473,S_src00473__lvl324,True,473,324,onehot_group,False,False,0.0,324.0,,
S_src00473,S_src00473__lvl325,True,473,325,onehot_group,False,False,0.0,325.0,,
S_src00473,S_src00473__lvl326,True,473,326,onehot_group,False,False,0.0,326.0,,
S_src00473,S_src00473__lvl327,True,473,327,onehot_group,False,False,0.0,327.0,,
S_src00473,S_src00473__lvl328,True,473,328,onehot_group,False,False,0.0,328.0,,
S_src00473,S_src00473__lvl329,True,473,329,onehot_group,False,False,0.0,329.0,,
S_src00473,S_src00473__lvl330,True,473,330,onehot_group,False,False,0.0,330.0,,
S_src00473,S_src00473__lvl331,True,473,331,onehot_group,False,False,0.0,331.0,,
S_src00473,S_src00473__lvl332,True,473,332,onehot_group,False,False,0.0,332.0,,
S_src00473,S_src00473__lvl333,True,473,333,onehot_group,False,False,0.0,333.0,,
S_src00473,S_src00473__lvl334,True,473,334,onehot_group,False,False,0.0,334.0,,
S_src00473,S_src00473__lvl335,True,473,335,onehot_group,False,False,0.0,335.0,,
S_src00473,S_src00473__lvl336,True,473,336,onehot_group,False,False,0.0,336.0,,
S_src00473,S_src00473__lvl337,True,473,337,onehot_group,False,False,0.0,337.0,,
S_src00473,S_src00473__lvl338,True,473,338,onehot_group,False,False,0.0,338.0,,
S_src00473,S_src00473__lvl339,True,473,339,onehot_group,False,False,0.0,339.0,,
S_src00473,S_src00473__lvl340,True,473,340,onehot_group,False,False,0.0,340.0,,
S_src00473,S_src00473__lvl341,True,473,341,onehot_group,False,False,0.0,341.0,,
S_src00473,S_src00473__lvl342,True,473,342,onehot_group,False,False,0.0,342.0,,
S_src00473,S_src00473__lvl343,True,473,343,onehot_group,False,False,0.0,343.0,,
S_src00473,S_src00473__lvl344,True,473,344,onehot_group,False,False,0.0,344.0,,
S_src00473,S_src00473__lvl345,True,473,345,onehot_group,False,False,0.0,345.0,,
S_src00473,S_src00473__lvl346,True,473,346,onehot_group,False,False,0.0,346.0,,
S_src00473,S_src00473__lvl347,True,473,347,onehot_group,False,False,0.0,347.0,,
S_src00473,S_src00473__lvl348,True,473,348,onehot_group,False,False,0.0,348.0,,
S_src00473,S_src00473__lvl349,True,473,349,onehot_group,False,False,0.0,349.0,,
S_src00473,S_src00473__lvl350,True,473,350,onehot_group,False,False,0.0,350.0,,
S_src00473,S_src00473__lvl351,True,473,351,onehot_group,False,False,0.0,351.0,,
S_src00473,S_src00473__lvl352,True,473,352,onehot_group,False,False,0.0,352.0,,
S_src00473,S_src00473__lvl353,True,473,353,onehot_group,False,False,0.0,353.0,,
S_src00473,S_src00473__lvl354,True,473,354,onehot_group,False,False,0.0,354.0,,
S_src00473,S_src00473__lvl355,True,473,355,onehot_group,False,False,0.0,355.0,,
S_src00473,S_src00473__lvl356,True,473,356,onehot_group,False,False,0.0,356.0,,
S_src00473,S_src00473__lvl357,True,473,357,onehot_group,False,False,0.0,357.0,,
S_src00473,S_src00473__lvl358,True,473,358,onehot_group,False,False,0.0,358.0,,
S_src00473,S_src00473__lvl359,True,473,359,onehot_group,False,False,0.0,359.0,,
S_src00473,S_src00473__lvl360,True,473,360,onehot_group,False,False,0.0,360.0,,
S_src00473,S_src00473__lvl361,True,473,361,onehot_group,False,False,0.0,361.0,,
S_src00473,S_src00473__lvl362,True,473,362,onehot_group,False,False,0.0,362.0,,
S_src00473,S_src00473__lvl363,True,473,363,onehot_group,False,False,0.0,363.0,,
S_src00473,S_src00473__lvl364,True,473,364,onehot_group,False,False,0.0,364.0,,
S_src00473,S_src00473__lvl365,True,473,365,onehot_group,False,False,0.0,365.0,,
S_src00473,S_src00473__lvl366,True,473,366,onehot_group,False,False,0.0,366.0,,
S_src00473,S_src00473__lvl367,True,473,367,onehot_group,False,False,0.0,367.0,,
S_src00473,S_src00473__lvl368,True,473,368,onehot_group,False,False,0.0,368.0,,
S_src00473,S_src00473__lvl369,True,473,369,onehot_group,False,False,0.0,369.0,,
S_src00473,S_src00473__lvl370,True,473,370,onehot_group,False,False,0.0,370.0,,
S_src00473,S_src00473__lvl371,True,473,371,onehot_group,False,False,0.0,371.0,,
S_src00473,S_src00473__lvl372,True,473,372,onehot_group,False,False,0.0,372.0,,
S_src00473,S_src00473__lvl373,True,473,373,onehot_group,False,False,0.0,373.0,,
S_src00473,S_src00473__lvl374,True,473,374,onehot_group,False,False,0.0,374.0,,
S_src00473,S_src00473__lvl375,True,473,375,onehot_group,False,False,0.0,375.0,,
S_src00473,S_src00473__lvl376,True,473,376,onehot_group,False,False,0.0,376.0,,
S_src00473,S_src00473__lvl377,True,473,377,onehot_group,False,False,0.0,377.0,,
S_src00473,S_src00473__lvl378,True,473,378,onehot_group,False,False,0.0,378.0,,
S_src00473,S_src00473__lvl379,True,473,379,onehot_group,False,False,0.0,379.0,,
S_src00473,S_src00473__lvl380,True,473,380,onehot_group,False,False,0.0,380.0,,
S_src00473,S_src00473__lvl381,True,473,381,onehot_group,False,False,0.0,381.0,,
S_src00473,S_src00473__lvl382,True,473,382,onehot_group,False,False,0.0,382.0,,
S_src00473,S_src00473__lvl383,True,473,383,onehot_group,False,False,0.0,383.0,,
S_src00473,S_src00473__lvl384,True,473,384,onehot_group,False,False,0.0,384.0,,
S_src00473,S_src00473__lvl385,True,473,385,onehot_group,False,False,0.0,385.0,,
S_src00473,S_src00473__lvl386,True,473,386,onehot_group,False,False,0.0,386.0,,
S_src00473,S_src00473__lvl387,True,473,387,onehot_group,False,False,0.0,387.0,,
S_src00473,S_src00473__lvl388,True,473,388,onehot_group,False,False,0.0,388.0,,
S_src00473,S_src00473__lvl389,True,473,389,onehot_group,False,False,0.0,389.0,,
S_src00473,S_src00473__lvl390,True,473,390,onehot_group,False,False,0.0,390.0,,
S_src00473,S_src00473__lvl391,True,473,391,onehot_group,False,False,0.0,391.0,,
S_src00473,S_src00473__lvl392,True,473,392,onehot_group,False,False,0.0,392.0,,
S_src00473,S_src00473__lvl393,True,473,393,onehot_group,False,False,0.0,393.0,,
S_src00473,S_src00473__lvl394,True,473,394,onehot_group,False,False,0.0,394.0,,
S_src00473,S_src00473__lvl395,True,473,395,onehot_group,False,False,0.0,395.0,,
S_src00473,S_src00473__lvl396,True,473,396,onehot_group,False,False,0.0,396.0,,
S_src00473,S_src00473__lvl397,True,473,397,onehot_group,False,False,0.0,397.0,,
S_src00473,S_src00473__lvl398,True,473,398,onehot_group,False,False,0.0,398.0,,
S_src00473,S_src00473__lvl399,True,473,399,onehot_group,False,False,0.0,399.0,,
S_src00473,S_src00473__lvl400,True,473,400,onehot_group,False,False,0.0,400.0,,
S_src00473,S_src00473__lvl401,True,473,401,onehot_group,False,False,0.0,401.0,,
S_src00473,S_src00473__lvl402,True,473,402,onehot_group,False,False,0.0,402.0,,
S_src00473,S_src00473__lvl403,True,473,403,onehot_group,False,False,0.0,403.0,,
S_src00473,S_src00473__lvl404,True,473,404,onehot_group,False,False,0.0,404.0,,
S_src00473,S_src00473__lvl405,True,473,405,onehot_group,False,False,0.0,405.0,,
S_src00473,S_src00473__lvl406,True,473,406,onehot_group,False,False,0.0,406.0,,
S_src00473,S_src00473__lvl407,True,473,407,onehot_group,False,False,0.0,407.0,,
S_src00473,S_src00473__lvl408,True,473,408,onehot_group,False,False,0.0,408.0,,
S_src00473,S_src00473__lvl409,True,473,409,onehot_group,False,False,0.0,409.0,,
S_src00473,S_src00473__lvl410,True,473,410,onehot_group,False,False,0.0,410.0,,
S_src00473,S_src00473__lvl411,True,473,411,onehot_group,False,False,0.0,411.0,,
S_src00473,S_src00473__lvl412,True,473,412,onehot_group,False,False,0.0,412.0,,
S_src00473,S_src00473__lvl413,True,473,413,onehot_group,False,False,0.0,413.0,,
S_src00473,S_src00473__lvl414,True,473,414,onehot_group,False,False,0.0,414.0,,
S_src00473,S_src00473__lvl415,True,473,415,onehot_group,False,False,0.0,415.0,,
S_src00473,S_src00473__lvl416,True,473,416,onehot_group,False,False,0.0,416.0,,
S_src00473,S_src00473__lvl417,True,473,417,onehot_group,False,False,0.0,417.0,,
S_src00473,S_src00473__lvl418,True,473,418,onehot_group,False,False,0.0,418.0,,
S_src00473,S_src00473__lvl419,True,473,419,onehot_group,False,False,0.0,419.0,,
S_src00473,S_src00473__lvl420,True,473,420,onehot_group,False,False,0.0,420.0,,
S_src00473,S_src00473__lvl421,True,473,421,onehot_group,False,False,0.0,421.0,,
S_src00473,S_src00473__lvl422,True,473,422,onehot_group,False,False,0.0,422.0,,
S_src00473,S_src00473__lvl423,True,473,423,onehot_group,False,False,0.0,423.0,,
S_src00474,S_src00474__lvl0,True,474,0,onehot_group,False,True,0.0,0.0,,
S_src00474,S_src00474__lvl1,True,474,1,onehot_group,False,False,0.0,1.0,,
S_src00474,S_src00474__lvl2,True,474,2,onehot_group,False,False,0.0,2.0,,
S_src00475,S_src00475__lvl0,True,475,0,onehot_group,False,True,0.0,0.0,,
S_src00475,S_src00475__lvl1,True,475,1,onehot_group,False,False,0.0,1.0,,
S_src00475,S_src00475__lvl2,True,475,2,onehot_group,False,False,0.0,2.0,,
S_src00475,S_src00475__lvl3,True,475,3,onehot_group,False,False,0.0,3.0,,
S_src00475,S_src00475__lvl4,True,475,4,onehot_group,False,False,0.0,4.0,,
S_src00475,S_src00475__lvl5,True,475,5,onehot_group,False,False,0.0,5.0,,
S_src00475,S_src00475__lvl6,True,475,6,onehot_group,False,False,0.0,6.0,,
S_src00475,S_src00475__lvl7,True,475,7,onehot_group,False,False,0.0,7.0,,
S_src00475,S_src00475__lvl8,True,475,8,onehot_group,False,False,0.0,8.0,,
S_src00475,S_src00475__lvl9,True,475,9,onehot_group,False,False,0.0,9.0,,
S_src00475,S_src00475__lvl10,True,475,10,onehot_group,False,False,0.0,10.0,,
S_src00475,S_src00475__lvl11,True,475,11,onehot_group,False,False,0.0,11.0,,
S_src00475,S_src00475__lvl12,True,475,12,onehot_group,False,False,0.0,12.0,,
S_src00475,S_src00475__lvl13,True,475,13,onehot_group,False,False,0.0,13.0,,
S_src00475,S_src00475__lvl14,True,475,14,onehot_group,False,False,0.0,14.0,,
S_src00475,S_src00475__lvl15,True,475,15,onehot_group,False,False,0.0,15.0,,
S_src00475,S_src00475__lvl16,True,475,16,onehot_group,False,False,0.0,16.0,,
S_src00475,S_src00475__lvl17,True,475,17,onehot_group,False,False,0.0,17.0,,
S_src00475,S_src00475__lvl18,True,475,18,onehot_group,False,False,0.0,18.0,,
S_src00475,S_src00475__lvl19,True,475,19,onehot_group,False,False,0.0,19.0,,
S_src00475,S_src00475__lvl20,True,475,20,onehot_group,False,False,0.0,20.0,,
S_src00475,S_src00475__lvl21,True,475,21,onehot_group,False,False,0.0,21.0,,
S_src00475,S_src00475__lvl22,True,475,22,onehot_group,False,False,0.0,22.0,,
S_src00475,S_src00475__lvl23,True,475,23,onehot_group,False,False,0.0,23.0,,
S_src00475,S_src00475__lvl24,True,475,24,onehot_group,False,False,0.0,24.0,,
S_src00475,S_src00475__lvl25,True,475,25,onehot_group,False,False,0.0,25.0,,
S_src00475,S_src00475__lvl26,True,475,26,onehot_group,False,False,0.0,26.0,,
S_src00475,S_src00475__lvl27,True,475,27,onehot_group,False,False,0.0,27.0,,
S_src00475,S_src00475__lvl28,True,475,28,onehot_group,False,False,0.0,28.0,,
S_src00475,S_src00475__lvl29,True,475,29,onehot_group,False,False,0.0,29.0,,
S_src00475,S_src00475__lvl30,True,475,30,onehot_group,False,False,0.0,30.0,,
S_src00475,S_src00475__lvl31,True,475,31,onehot_group,False,False,0.0,31.0,,
S_src00475,S_src00475__lvl32,True,475,32,onehot_group,False,False,0.0,32.0,,
S_src00475,S_src00475__lvl33,True,475,33,onehot_group,False,False,0.0,33.0,,
S_src00475,S_src00475__lvl34,True,475,34,onehot_group,False,False,0.0,34.0,,
S_src00475,S_src00475__lvl35,True,475,35,onehot_group,False,False,0.0,35.0,,
S_src00475,S_src00475__lvl36,True,475,36,onehot_group,False,False,0.0,36.0,,
S_src00475,S_src00475__lvl37,True,475,37,onehot_group,False,False,0.0,37.0,,
S_src00475,S_src00475__lvl38,True,475,38,onehot_group,False,False,0.0,38.0,,
S_src00475,S_src00475__lvl39,True,475,39,onehot_group,False,False,0.0,39.0,,
S_src00475,S_src00475__lvl40,True,475,40,onehot_group,False,False,0.0,40.0,,
S_src00475,S_src00475__lvl41,True,475,41,onehot_group,False,False,0.0,41.0,,
S_src00475,S_src00475__lvl42,True,475,42,onehot_group,False,False,0.0,42.0,,
S_src00475,S_src00475__lvl43,True,475,43,onehot_group,False,False,0.0,43.0,,
S_src00475,S_src00475__lvl44,True,475,44,onehot_group,False,False,0.0,44.0,,
S_src00475,S_src00475__lvl45,True,475,45,onehot_group,False,False,0.0,45.0,,
S_src00475,S_src00475__lvl46,True,475,46,onehot_group,False,False,0.0,46.0,,
S_src00475,S_src00475__lvl47,True,475,47,onehot_group,False,False,0.0,47.0,,
S_src00475,S_src00475__lvl48,True,475,48,onehot_group,False,False,0.0,48.0,,
S_src00475,S_src00475__lvl49,True,475,49,onehot_group,False,False,0.0,49.0,,
S_src00475,S_src00475__lvl50,True,475,50,onehot_group,False,False,0.0,50.0,,
S_src00475,S_src00475__lvl51,True,475,51,onehot_group,False,False,0.0,51.0,,
S_src00475,S_src00475__lvl52,True,475,52,onehot_group,False,False,0.0,52.0,,
S_src00475,S_src00475__lvl53,True,475,53,onehot_group,False,False,0.0,53.0,,
S_src00475,S_src00475__lvl54,True,475,54,onehot_group,False,False,0.0,54.0,,
S_src00475,S_src00475__lvl55,True,475,55,onehot_group,False,False,0.0,55.0,,
S_src00475,S_src00475__lvl56,True,475,56,onehot_group,False,False,0.0,56.0,,
S_src00475,S_src00475__lvl57,True,475,57,onehot_group,False,False,0.0,57.0,,
S_src00475,S_src00475__lvl58,True,475,58,onehot_group,False,False,0.0,58.0,,
S_src00475,S_src00475__lvl59,True,475,59,onehot_group,False,False,0.0,59.0,,
S_src00475,S_src00475__lvl60,True,475,60,onehot_group,False,False,0.0,60.0,,
S_src00475,S_src00475__lvl61,True,475,61,onehot_group,False,False,0.0,61.0,,
S_src00475,S_src00475__lvl62,True,475,62,onehot_group,False,False,0.0,62.0,,
S_src00475,S_src00475__lvl63,True,475,63,onehot_group,False,False,0.0,63.0,,
S_src00475,S_src00475__lvl64,True,475,64,onehot_group,False,False,0.0,64.0,,
S_src00475,S_src00475__lvl65,True,475,65,onehot_group,False,False,0.0,65.0,,
S_src00475,S_src00475__lvl66,True,475,66,onehot_group,False,False,0.0,66.0,,
S_src00475,S_src00475__lvl67,True,475,67,onehot_group,False,False,0.0,67.0,,
S_src00475,S_src00475__lvl68,True,475,68,onehot_group,False,False,0.0,68.0,,
S_src00475,S_src00475__lvl69,True,475,69,onehot_group,False,False,0.0,69.0,,
S_src00475,S_src00475__lvl70,True,475,70,onehot_group,False,False,0.0,70.0,,
S_src00475,S_src00475__lvl71,True,475,71,onehot_group,False,False,0.0,71.0,,
S_src00475,S_src00475__lvl72,True,475,72,onehot_group,False,False,0.0,72.0,,
S_src00475,S_src00475__lvl73,True,475,73,onehot_group,False,False,0.0,73.0,,
S_src00475,S_src00475__lvl74,True,475,74,onehot_group,False,False,0.0,74.0,,
S_src00475,S_src00475__lvl75,True,475,75,onehot_group,False,False,0.0,75.0,,
S_src00475,S_src00475__lvl76,True,475,76,onehot_group,False,False,0.0,76.0,,
S_src00475,S_src00475__lvl77,True,475,77,onehot_group,False,False,0.0,77.0,,
S_src00475,S_src00475__lvl78,True,475,78,onehot_group,False,False,0.0,78.0,,
S_src00475,S_src00475__lvl79,True,475,79,onehot_group,False,False,0.0,79.0,,
S_src00475,S_src00475__lvl80,True,475,80,onehot_group,False,False,0.0,80.0,,
S_src00475,S_src00475__lvl81,True,475,81,onehot_group,False,False,0.0,81.0,,
S_src00475,S_src00475__lvl82,True,475,82,onehot_group,False,False,0.0,82.0,,
S_src00475,S_src00475__lvl83,True,475,83,onehot_group,False,False,0.0,83.0,,
S_src00475,S_src00475__lvl84,True,475,84,onehot_group,False,False,0.0,84.0,,
S_src00475,S_src00475__lvl85,True,475,85,onehot_group,False,False,0.0,85.0,,
S_src00475,S_src00475__lvl86,True,475,86,onehot_group,False,False,0.0,86.0,,
S_src00475,S_src00475__lvl87,True,475,87,onehot_group,False,False,0.0,87.0,,
S_src00475,S_src00475__lvl88,True,475,88,onehot_group,False,False,0.0,88.0,,
S_src00475,S_src00475__lvl89,True,475,89,onehot_group,False,False,0.0,89.0,,
S_src00475,S_src00475__lvl90,True,475,90,onehot_group,False,False,0.0,90.0,,
S_src00475,S_src00475__lvl91,True,475,91,onehot_group,False,False,0.0,91.0,,
S_src00475,S_src00475__lvl92,True,475,92,onehot_group,False,False,0.0,92.0,,
S_src00475,S_src00475__lvl93,True,475,93,onehot_group,False,False,0.0,93.0,,
S_src00475,S_src00475__lvl94,True,475,94,onehot_group,False,False,0.0,94.0,,
S_src00475,S_src00475__lvl95,True,475,95,onehot_group,False,False,0.0,95.0,,
S_src00475,S_src00475__lvl96,True,475,96,onehot_group,False,False,0.0,96.0,,
S_src00475,S_src00475__lvl97,True,475,97,onehot_group,False,False,0.0,97.0,,
S_src00475,S_src00475__lvl98,True,475,98,onehot_group,False,False,0.0,98.0,,
S_src00475,S_src00475__lvl99,True,475,99,onehot_group,False,False,0.0,99.0,,
S_src00475,S_src00475__lvl100,True,475,100,onehot_group,False,False,0.0,100.0,,
S_src00475,S_src00475__lvl101,True,475,101,onehot_group,False,False,0.0,101.0,,
S_src00475,S_src00475__lvl102,True,475,102,onehot_group,False,False,0.0,102.0,,
S_src00475,S_src00475__lvl103,True,475,103,onehot_group,False,False,0.0,103.0,,
S_src00475,S_src00475__lvl104,True,475,104,onehot_group,False,False,0.0,104.0,,
S_src00475,S_src00475__lvl105,True,475,105,onehot_group,False,False,0.0,105.0,,
S_src00475,S_src00475__lvl106,True,475,106,onehot_group,False,False,0.0,106.0,,
S_src00475,S_src00475__lvl107,True,475,107,onehot_group,False,False,0.0,107.0,,
S_src00475,S_src00475__lvl108,True,475,108,onehot_group,False,False,0.0,108.0,,
S_src00475,S_src00475__lvl109,True,475,109,onehot_group,False,False,0.0,109.0,,
S_src00475,S_src00475__lvl110,True,475,110,onehot_group,False,False,0.0,110.0,,
S_src00475,S_src00475__lvl111,True,475,111,onehot_group,False,False,0.0,111.0,,
S_src00475,S_src00475__lvl112,True,475,112,onehot_group,False,False,0.0,112.0,,
S_src00475,S_src00475__lvl113,True,475,113,onehot_group,False,False,0.0,113.0,,
S_src00475,S_src00475__lvl114,True,475,114,onehot_group,False,False,0.0,114.0,,
S_src00475,S_src00475__lvl115,True,475,115,onehot_group,False,False,0.0,115.0,,
S_src00475,S_src00475__lvl116,True,475,116,onehot_group,False,False,0.0,116.0,,
S_src00475,S_src00475__lvl117,True,475,117,onehot_group,False,False,0.0,117.0,,
S_src00475,S_src00475__lvl118,True,475,118,onehot_group,False,False,0.0,118.0,,
S_src00475,S_src00475__lvl119,True,475,119,onehot_group,False,False,0.0,119.0,,
S_src00475,S_src00475__lvl120,True,475,120,onehot_group,False,False,0.0,120.0,,
S_src00475,S_src00475__lvl121,True,475,121,onehot_group,False,False,0.0,121.0,,
S_src00475,S_src00475__lvl122,True,475,122,onehot_group,False,False,0.0,122.0,,
S_src00475,S_src00475__lvl123,True,475,123,onehot_group,False,False,0.0,123.0,,
S_src00475,S_src00475__lvl124,True,475,124,onehot_group,False,False,0.0,124.0,,
S_src00475,S_src00475__lvl125,True,475,125,onehot_group,False,False,0.0,125.0,,
S_src00475,S_src00475__lvl126,True,475,126,onehot_group,False,False,0.0,126.0,,
S_src00475,S_src00475__lvl127,True,475,127,onehot_group,False,False,0.0,127.0,,
S_src00475,S_src00475__lvl128,True,475,128,onehot_group,False,False,0.0,128.0,,
S_src00475,S_src00475__lvl129,True,475,129,onehot_group,False,False,0.0,129.0,,
S_src00475,S_src00475__lvl130,True,475,130,onehot_group,False,False,0.0,130.0,,
S_src00475,S_src00475__lvl131,True,475,131,onehot_group,False,False,0.0,131.0,,
S_src00475,S_src00475__lvl132,True,475,132,onehot_group,False,False,0.0,132.0,,
S_src00475,S_src00475__lvl133,True,475,133,onehot_group,False,False,0.0,133.0,,
S_src00475,S_src00475__lvl134,True,475,134,onehot_group,False,False,0.0,134.0,,
S_src00475,S_src00475__lvl135,True,475,135,onehot_group,False,False,0.0,135.0,,
S_src00475,S_src00475__lvl136,True,475,136,onehot_group,False,False,0.0,136.0,,
S_src00475,S_src00475__lvl137,True,475,137,onehot_group,False,False,0.0,137.0,,
S_src00475,S_src00475__lvl138,True,475,138,onehot_group,False,False,0.0,138.0,,
S_src00475,S_src00475__lvl139,True,475,139,onehot_group,False,False,0.0,139.0,,
S_src00475,S_src00475__lvl140,True,475,140,onehot_group,False,False,0.0,140.0,,
S_src00475,S_src00475__lvl141,True,475,141,onehot_group,False,False,0.0,141.0,,
S_src00475,S_src00475__lvl142,True,475,142,onehot_group,False,False,0.0,142.0,,
S_src00475,S_src00475__lvl143,True,475,143,onehot_group,False,False,0.0,143.0,,
S_src00475,S_src00475__lvl144,True,475,144,onehot_group,False,False,0.0,144.0,,
S_src00475,S_src00475__lvl145,True,475,145,onehot_group,False,False,0.0,145.0,,
S_src00475,S_src00475__lvl146,True,475,146,onehot_group,False,False,0.0,146.0,,
S_src00475,S_src00475__lvl147,True,475,147,onehot_group,False,False,0.0,147.0,,
S_src00475,S_src00475__lvl148,True,475,148,onehot_group,False,False,0.0,148.0,,
S_src00475,S_src00475__lvl149,True,475,149,onehot_group,False,False,0.0,149.0,,
S_src00475,S_src00475__lvl150,True,475,150,onehot_group,False,False,0.0,150.0,,
S_src00475,S_src00475__lvl151,True,475,151,onehot_group,False,False,0.0,151.0,,
S_src00475,S_src00475__lvl152,True,475,152,onehot_group,False,False,0.0,152.0,,
S_src00475,S_src00475__lvl153,True,475,153,onehot_group,False,False,0.0,153.0,,
S_src00475,S_src00475__lvl154,True,475,154,onehot_group,False,False,0.0,154.0,,
S_src00475,S_src00475__lvl155,True,475,155,onehot_group,False,False,0.0,155.0,,
S_src00475,S_src00475__lvl156,True,475,156,onehot_group,False,False,0.0,156.0,,
S_src00475,S_src00475__lvl157,True,475,157,onehot_group,False,False,0.0,157.0,,
S_src00475,S_src00475__lvl158,True,475,158,onehot_group,False,False,0.0,158.0,,
S_src00475,S_src00475__lvl159,True,475,159,onehot_group,False,False,0.0,159.0,,
S_src00475,S_src00475__lvl160,True,475,160,onehot_group,False,False,0.0,160.0,,
S_src00475,S_src00475__lvl161,True,475,161,onehot_group,False,False,0.0,161.0,,
S_src00475,S_src00475__lvl162,True,475,162,onehot_group,False,False,0.0,162.0,,
S_src00475,S_src00475__lvl163,True,475,163,onehot_group,False,False,0.0,163.0,,
S_src00475,S_src00475__lvl164,True,475,164,onehot_group,False,False,0.0,164.0,,
S_src00475,S_src00475__lvl165,True,475,165,onehot_group,False,False,0.0,165.0,,
S_src00475,S_src00475__lvl166,True,475,166,onehot_group,False,False,0.0,166.0,,
S_src00475,S_src00475__lvl167,True,475,167,onehot_group,False,False,0.0,167.0,,
S_src00475,S_src00475__lvl168,True,475,168,onehot_group,False,False,0.0,168.0,,
S_src00475,S_src00475__lvl169,True,475,169,onehot_group,False,False,0.0,169.0,,
S_src00475,S_src00475__lvl170,True,475,170,onehot_group,False,False,0.0,170.0,,
S_src00475,S_src00475__lvl171,True,475,171,onehot_group,False,False,0.0,171.0,,
S_src00475,S_src00475__lvl172,True,475,172,onehot_group,False,False,0.0,172.0,,
S_src00475,S_src00475__lvl173,True,475,173,onehot_group,False,False,0.0,173.0,,
S_src00475,S_src00475__lvl174,True,475,174,onehot_group,False,False,0.0,174.0,,
S_src00475,S_src00475__lvl175,True,475,175,onehot_group,False,False,0.0,175.0,,
S_src00475,S_src00475__lvl176,True,475,176,onehot_group,False,False,0.0,176.0,,
S_src00475,S_src00475__lvl177,True,475,177,onehot_group,False,False,0.0,177.0,,
S_src00475,S_src00475__lvl178,True,475,178,onehot_group,False,False,0.0,178.0,,
S_src00475,S_src00475__lvl179,True,475,179,onehot_group,False,False,0.0,179.0,,
S_src00475,S_src00475__lvl180,True,475,180,onehot_group,False,False,0.0,180.0,,
S_src00475,S_src00475__lvl181,True,475,181,onehot_group,False,False,0.0,181.0,,
S_src00475,S_src00475__lvl182,True,475,182,onehot_group,False,False,0.0,182.0,,
S_src00475,S_src00475__lvl183,True,475,183,onehot_group,False,False,0.0,183.0,,
S_src00475,S_src00475__lvl184,True,475,184,onehot_group,False,False,0.0,184.0,,
S_src00475,S_src00475__lvl185,True,475,185,onehot_group,False,False,0.0,185.0,,
S_src00475,S_src00475__lvl186,True,475,186,onehot_group,False,False,0.0,186.0,,
S_src00475,S_src00475__lvl187,True,475,187,onehot_group,False,False,0.0,187.0,,
S_src00475,S_src00475__lvl188,True,475,188,onehot_group,False,False,0.0,188.0,,
S_src00475,S_src00475__lvl189,True,475,189,onehot_group,False,False,0.0,189.0,,
S_src00475,S_src00475__lvl190,True,475,190,onehot_group,False,False,0.0,190.0,,
S_src00475,S_src00475__lvl191,True,475,191,onehot_group,False,False,0.0,191.0,,
S_src00475,S_src00475__lvl192,True,475,192,onehot_group,False,False,0.0,192.0,,
S_src00475,S_src00475__lvl193,True,475,193,onehot_group,False,False,0.0,193.0,,
S_src00475,S_src00475__lvl194,True,475,194,onehot_group,False,False,0.0,194.0,,
S_src00475,S_src00475__lvl195,True,475,195,onehot_group,False,False,0.0,195.0,,
S_src00475,S_src00475__lvl196,True,475,196,onehot_group,False,False,0.0,196.0,,
S_src00475,S_src00475__lvl197,True,475,197,onehot_group,False,False,0.0,197.0,,
S_src00475,S_src00475__lvl198,True,475,198,onehot_group,False,False,0.0,198.0,,
S_src00475,S_src00475__lvl199,True,475,199,onehot_group,False,False,0.0,199.0,,
S_src00475,S_src00475__lvl200,True,475,200,onehot_group,False,False,0.0,200.0,,
S_src00475,S_src00475__lvl201,True,475,201,onehot_group,False,False,0.0,201.0,,
S_src00475,S_src00475__lvl202,True,475,202,onehot_group,False,False,0.0,202.0,,
S_src00475,S_src00475__lvl203,True,475,203,onehot_group,False,False,0.0,203.0,,
S_src00475,S_src00475__lvl204,True,475,204,onehot_group,False,False,0.0,204.0,,
S_src00475,S_src00475__lvl205,True,475,205,onehot_group,False,False,0.0,205.0,,
S_src00475,S_src00475__lvl206,True,475,206,onehot_group,False,False,0.0,206.0,,
S_src00475,S_src00475__lvl207,True,475,207,onehot_group,False,False,0.0,207.0,,
S_src00475,S_src00475__lvl208,True,475,208,onehot_group,False,False,0.0,208.0,,
S_src00475,S_src00475__lvl209,True,475,209,onehot_group,False,False,0.0,209.0,,
S_src00475,S_src00475__lvl210,True,475,210,onehot_group,False,False,0.0,210.0,,
S_src00475,S_src00475__lvl211,True,475,211,onehot_group,False,False,0.0,211.0,,
S_src00475,S_src00475__lvl212,True,475,212,onehot_group,False,False,0.0,212.0,,
S_src00475,S_src00475__lvl213,True,475,213,onehot_group,False,False,0.0,213.0,,
S_src00475,S_src00475__lvl214,True,475,214,onehot_group,False,False,0.0,214.0,,
S_src00475,S_src00475__lvl215,True,475,215,onehot_group,False,False,0.0,215.0,,
S_src00475,S_src00475__lvl216,True,475,216,onehot_group,False,False,0.0,216.0,,
S_src00475,S_src00475__lvl217,True,475,217,onehot_group,False,False,0.0,217.0,,
S_src00475,S_src00475__lvl218,True,475,218,onehot_group,False,False,0.0,218.0,,
S_src00475,S_src00475__lvl219,True,475,219,onehot_group,False,False,0.0,219.0,,
S_src00475,S_src00475__lvl220,True,475,220,onehot_group,False,False,0.0,220.0,,
S_src00475,S_src00475__lvl221,True,475,221,onehot_group,False,False,0.0,221.0,,
S_src00475,S_src00475__lvl222,True,475,222,onehot_group,False,False,0.0,222.0,,
S_src00475,S_src00475__lvl223,True,475,223,onehot_group,False,False,0.0,223.0,,
S_src00475,S_src00475__lvl224,True,475,224,onehot_group,False,False,0.0,224.0,,
S_src00475,S_src00475__lvl225,True,475,225,onehot_group,False,False,0.0,225.0,,
S_src00475,S_src00475__lvl226,True,475,226,onehot_group,False,False,0.0,226.0,,
S_src00475,S_src00475__lvl227,True,475,227,onehot_group,False,False,0.0,227.0,,
S_src00475,S_src00475__lvl228,True,475,228,onehot_group,False,False,0.0,228.0,,
S_src00475,S_src00475__lvl229,True,475,229,onehot_group,False,False,0.0,229.0,,
S_src00475,S_src00475__lvl230,True,475,230,onehot_group,False,False,0.0,230.0,,
S_src00475,S_src00475__lvl231,True,475,231,onehot_group,False,False,0.0,231.0,,
S_src00475,S_src00475__lvl232,True,475,232,onehot_group,False,False,0.0,232.0,,
S_src00475,S_src00475__lvl233,True,475,233,onehot_group,False,False,0.0,233.0,,
S_src00475,S_src00475__lvl234,True,475,234,onehot_group,False,False,0.0,234.0,,
S_src00475,S_src00475__lvl235,True,475,235,onehot_group,False,False,0.0,235.0,,
S_src00475,S_src00475__lvl236,True,475,236,onehot_group,False,False,0.0,236.0,,
S_src00475,S_src00475__lvl237,True,475,237,onehot_group,False,False,0.0,237.0,,
S_src00475,S_src00475__lvl238,True,475,238,onehot_group,False,False,0.0,238.0,,
S_src00475,S_src00475__lvl239,True,475,239,onehot_group,False,False,0.0,239.0,,
S_src00475,S_src00475__lvl240,True,475,240,onehot_group,False,False,0.0,240.0,,
S_src00475,S_src00475__lvl241,True,475,241,onehot_group,False,False,0.0,241.0,,
S_src00475,S_src00475__lvl242,True,475,242,onehot_group,False,False,0.0,242.0,,
S_src00475,S_src00475__lvl243,True,475,243,onehot_group,False,False,0.0,243.0,,
S_src00475,S_src00475__lvl244,True,475,244,onehot_group,False,False,0.0,244.0,,
S_src00475,S_src00475__lvl245,True,475,245,onehot_group,False,False,0.0,245.0,,
S_src00475,S_src00475__lvl246,True,475,246,onehot_group,False,False,0.0,246.0,,
S_src00475,S_src00475__lvl247,True,475,247,onehot_group,False,False,0.0,247.0,,
S_src00475,S_src00475__lvl248,True,475,248,onehot_group,False,False,0.0,248.0,,
S_src00475,S_src00475__lvl249,True,475,249,onehot_group,False,False,0.0,249.0,,
S_src00475,S_src00475__lvl250,True,475,250,onehot_group,False,False,0.0,250.0,,
S_src00475,S_src00475__lvl251,True,475,251,onehot_group,False,False,0.0,251.0,,
S_src00475,S_src00475__lvl252,True,475,252,onehot_group,False,False,0.0,252.0,,
S_src00475,S_src00475__lvl253,True,475,253,onehot_group,False,False,0.0,253.0,,
S_src00475,S_src00475__lvl254,True,475,254,onehot_group,False,False,0.0,254.0,,
S_src00475,S_src00475__lvl255,True,475,255,onehot_group,False,False,0.0,255.0,,
S_src00475,S_src00475__lvl256,True,475,256,onehot_group,False,False,0.0,256.0,,
S_src00475,S_src00475__lvl257,True,475,257,onehot_group,False,False,0.0,257.0,,
S_src00475,S_src00475__lvl258,True,475,258,onehot_group,False,False,0.0,258.0,,
S_src00475,S_src00475__lvl259,True,475,259,onehot_group,False,False,0.0,259.0,,
S_src00475,S_src00475__lvl260,True,475,260,onehot_group,False,False,0.0,260.0,,
S_src00475,S_src00475__lvl261,True,475,261,onehot_group,False,False,0.0,261.0,,
S_src00475,S_src00475__lvl262,True,475,262,onehot_group,False,False,0.0,262.0,,
S_src00475,S_src00475__lvl263,True,475,263,onehot_group,False,False,0.0,263.0,,
S_src00475,S_src00475__lvl264,True,475,264,onehot_group,False,False,0.0,264.0,,
S_src00475,S_src00475__lvl265,True,475,265,onehot_group,False,False,0.0,265.0,,
S_src00475,S_src00475__lvl266,True,475,266,onehot_group,False,False,0.0,266.0,,
S_src00475,S_src00475__lvl267,True,475,267,onehot_group,False,False,0.0,267.0,,
S_src00475,S_src00475__lvl268,True,475,268,onehot_group,False,False,0.0,268.0,,
S_src00475,S_src00475__lvl269,True,475,269,onehot_group,False,False,0.0,269.0,,
S_src00475,S_src00475__lvl270,True,475,270,onehot_group,False,False,0.0,270.0,,
S_src00475,S_src00475__lvl271,True,475,271,onehot_group,False,False,0.0,271.0,,
S_src00475,S_src00475__lvl272,True,475,272,onehot_group,False,False,0.0,272.0,,
S_src00475,S_src00475__lvl273,True,475,273,onehot_group,False,False,0.0,273.0,,
S_src00475,S_src00475__lvl274,True,475,274,onehot_group,False,False,0.0,274.0,,
S_src00475,S_src00475__lvl275,True,475,275,onehot_group,False,False,0.0,275.0,,
S_src00475,S_src00475__lvl276,True,475,276,onehot_group,False,False,0.0,276.0,,
S_src00475,S_src00475__lvl277,True,475,277,onehot_group,False,False,0.0,277.0,,
S_src00475,S_src00475__lvl278,True,475,278,onehot_group,False,False,0.0,278.0,,
S_src00475,S_src00475__lvl279,True,475,279,onehot_group,False,False,0.0,279.0,,
S_src00475,S_src00475__lvl280,True,475,280,onehot_group,False,False,0.0,280.0,,
S_src00475,S_src00475__lvl281,True,475,281,onehot_group,False,False,0.0,281.0,,
S_src00475,S_src00475__lvl282,True,475,282,onehot_group,False,False,0.0,282.0,,
S_src00475,S_src00475__lvl283,True,475,283,onehot_group,False,False,0.0,283.0,,
S_src00475,S_src00475__lvl284,True,475,284,onehot_group,False,False,0.0,284.0,,
S_src00475,S_src00475__lvl285,True,475,285,onehot_group,False,False,0.0,285.0,,
S_src00475,S_src00475__lvl286,True,475,286,onehot_group,False,False,0.0,286.0,,
S_src00475,S_src00475__lvl287,True,475,287,onehot_group,False,False,0.0,287.0,,
S_src00475,S_src00475__lvl288,True,475,288,onehot_group,False,False,0.0,288.0,,
S_src00475,S_src00475__lvl289,True,475,289,onehot_group,False,False,0.0,289.0,,
S_src00475,S_src00475__lvl290,True,475,290,onehot_group,False,False,0.0,290.0,,
S_src00475,S_src00475__lvl291,True,475,291,onehot_group,False,False,0.0,291.0,,
S_src00475,S_src00475__lvl292,True,475,292,onehot_group,False,False,0.0,292.0,,
S_src00475,S_src00475__lvl293,True,475,293,onehot_group,False,False,0.0,293.0,,
S_src00475,S_src00475__lvl294,True,475,294,onehot_group,False,False,0.0,294.0,,
S_src00475,S_src00475__lvl295,True,475,295,onehot_group,False,False,0.0,295.0,,
S_src00475,S_src00475__lvl296,True,475,296,onehot_group,False,False,0.0,296.0,,
S_src00475,S_src00475__lvl297,True,475,297,onehot_group,False,False,0.0,297.0,,
S_src00475,S_src00475__lvl298,True,475,298,onehot_group,False,False,0.0,298.0,,
S_src00475,S_src00475__lvl299,True,475,299,onehot_group,False,False,0.0,299.0,,
S_src00475,S_src00475__lvl300,True,475,300,onehot_group,False,False,0.0,300.0,,
S_src00475,S_src00475__lvl301,True,475,301,onehot_group,False,False,0.0,301.0,,
S_src00475,S_src00475__lvl302,True,475,302,onehot_group,False,False,0.0,302.0,,
S_src00475,S_src00475__lvl303,True,475,303,onehot_group,False,False,0.0,303.0,,
S_src00475,S_src00475__lvl304,True,475,304,onehot_group,False,False,0.0,304.0,,
S_src00475,S_src00475__lvl305,True,475,305,onehot_group,False,False,0.0,305.0,,
S_src00475,S_src00475__lvl306,True,475,306,onehot_group,False,False,0.0,306.0,,
S_src00475,S_src00475__lvl307,True,475,307,onehot_group,False,False,0.0,307.0,,
S_src00475,S_src00475__lvl308,True,475,308,onehot_group,False,False,0.0,308.0,,
S_src00475,S_src00475__lvl309,True,475,309,onehot_group,False,False,0.0,309.0,,
S_src00475,S_src00475__lvl310,True,475,310,onehot_group,False,False,0.0,310.0,,
S_src00475,S_src00475__lvl311,True,475,311,onehot_group,False,False,0.0,311.0,,
S_src00475,S_src00475__lvl312,True,475,312,onehot_group,False,False,0.0,312.0,,
S_src00475,S_src00475__lvl313,True,475,313,onehot_group,False,False,0.0,313.0,,
S_src00475,S_src00475__lvl314,True,475,314,onehot_group,False,False,0.0,314.0,,
S_src00475,S_src00475__lvl315,True,475,315,onehot_group,False,False,0.0,315.0,,
S_src00475,S_src00475__lvl316,True,475,316,onehot_group,False,False,0.0,316.0,,
S_src00475,S_src00475__lvl317,True,475,317,onehot_group,False,False,0.0,317.0,,
S_src00475,S_src00475__lvl318,True,475,318,onehot_group,False,False,0.0,318.0,,
S_src00475,S_src00475__lvl319,True,475,319,onehot_group,False,False,0.0,319.0,,
S_src00475,S_src00475__lvl320,True,475,320,onehot_group,False,False,0.0,320.0,,
S_src00475,S_src00475__lvl321,True,475,321,onehot_group,False,False,0.0,321.0,,
S_src00475,S_src00475__lvl322,True,475,322,onehot_group,False,False,0.0,322.0,,
S_src00475,S_src00475__lvl323,True,475,323,onehot_group,False,False,0.0,323.0,,
S_src00475,S_src00475__lvl324,True,475,324,onehot_group,False,False,0.0,324.0,,
S_src00475,S_src00475__lvl325,True,475,325,onehot_group,False,False,0.0,325.0,,
S_src00475,S_src00475__lvl326,True,475,326,onehot_group,False,False,0.0,326.0,,
S_src00475,S_src00475__lvl327,True,475,327,onehot_group,False,False,0.0,327.0,,
S_src00475,S_src00475__lvl328,True,475,328,onehot_group,False,False,0.0,328.0,,
S_src00475,S_src00475__lvl329,True,475,329,onehot_group,False,False,0.0,329.0,,
S_src00475,S_src00475__lvl330,True,475,330,onehot_group,False,False,0.0,330.0,,
S_src00475,S_src00475__lvl331,True,475,331,onehot_group,False,False,0.0,331.0,,
S_src00475,S_src00475__lvl332,True,475,332,onehot_group,False,False,0.0,332.0,,
S_src00475,S_src00475__lvl333,True,475,333,onehot_group,False,False,0.0,333.0,,
S_src00475,S_src00475__lvl334,True,475,334,onehot_group,False,False,0.0,334.0,,
S_src00475,S_src00475__lvl335,True,475,335,onehot_group,False,False,0.0,335.0,,
S_src00475,S_src00475__lvl336,True,475,336,onehot_group,False,False,0.0,336.0,,
S_src00475,S_src00475__lvl337,True,475,337,onehot_group,False,False,0.0,337.0,,
S_src00475,S_src00475__lvl338,True,475,338,onehot_group,False,False,0.0,338.0,,
S_src00475,S_src00475__lvl339,True,475,339,onehot_group,False,False,0.0,339.0,,
S_src00475,S_src00475__lvl340,True,475,340,onehot_group,False,False,0.0,340.0,,
S_src00475,S_src00475__lvl341,True,475,341,onehot_group,False,False,0.0,341.0,,
S_src00475,S_src00475__lvl342,True,475,342,onehot_group,False,False,0.0,342.0,,
S_src00475,S_src00475__lvl343,True,475,343,onehot_group,False,False,0.0,343.0,,
S_src00475,S_src00475__lvl344,True,475,344,onehot_group,False,False,0.0,344.0,,
S_src00475,S_src00475__lvl345,True,475,345,onehot_group,False,False,0.0,345.0,,
S_src00475,S_src00475__lvl346,True,475,346,onehot_group,False,False,0.0,346.0,,
S_src00475,S_src00475__lvl347,True,475,347,onehot_group,False,False,0.0,347.0,,
S_src00475,S_src00475__lvl348,True,475,348,onehot_group,False,False,0.0,348.0,,
S_src00475,S_src00475__lvl349,True,475,349,onehot_group,False,False,0.0,349.0,,
S_src00475,S_src00475__lvl350,True,475,350,onehot_group,False,False,0.0,350.0,,
S_src00475,S_src00475__lvl351,True,475,351,onehot_group,False,False,0.0,351.0,,
S_src00475,S_src00475__lvl352,True,475,352,onehot_group,False,False,0.0,352.0,,
S_src00475,S_src00475__lvl353,True,475,353,onehot_group,False,False,0.0,353.0,,
S_src00475,S_src00475__lvl354,True,475,354,onehot_group,False,False,0.0,354.0,,
S_src00475,S_src00475__lvl355,True,475,355,onehot_group,False,False,0.0,355.0,,
S_src00475,S_src00475__lvl356,True,475,356,onehot_group,False,False,0.0,356.0,,
S_src00475,S_src00475__lvl357,True,475,357,onehot_group,False,False,0.0,357.0,,
S_src00475,S_src00475__lvl358,True,475,358,onehot_group,False,False,0.0,358.0,,
S_src00475,S_src00475__lvl359,True,475,359,onehot_group,False,False,0.0,359.0,,
S_src00475,S_src00475__lvl360,True,475,360,onehot_group,False,False,0.0,360.0,,
S_src00475,S_src00475__lvl361,True,475,361,onehot_group,False,False,0.0,361.0,,
S_src00475,S_src00475__lvl362,True,475,362,onehot_group,False,False,0.0,362.0,,
S_src00475,S_src00475__lvl363,True,475,363,onehot_group,False,False,0.0,363.0,,
S_src00475,S_src00475__lvl364,True,475,364,onehot_group,False,False,0.0,364.0,,
S_src00475,S_src00475__lvl365,True,475,365,onehot_group,False,False,0.0,365.0,,
S_src00475,S_src00475__lvl366,True,475,366,onehot_group,False,False,0.0,366.0,,
S_src00475,S_src00475__lvl367,True,475,367,onehot_group,False,False,0.0,367.0,,
S_src00475,S_src00475__lvl368,True,475,368,onehot_group,False,False,0.0,368.0,,
S_src00475,S_src00475__lvl369,True,475,369,onehot_group,False,False,0.0,369.0,,
S_src00475,S_src00475__lvl370,True,475,370,onehot_group,False,False,0.0,370.0,,
S_src00475,S_src00475__lvl371,True,475,371,onehot_group,False,False,0.0,371.0,,
S_src00475,S_src00475__lvl372,True,475,372,onehot_group,False,False,0.0,372.0,,
S_src00475,S_src00475__lvl373,True,475,373,onehot_group,False,False,0.0,373.0,,
S_src00475,S_src00475__lvl374,True,475,374,onehot_group,False,False,0.0,374.0,,
S_src00475,S_src00475__lvl375,True,475,375,onehot_group,False,False,0.0,375.0,,
S_src00475,S_src00475__lvl376,True,475,376,onehot_group,False,False,0.0,376.0,,
S_src00475,S_src00475__lvl377,True,475,377,onehot_group,False,False,0.0,377.0,,
S_src00475,S_src00475__lvl378,True,475,378,onehot_group,False,False,0.0,378.0,,
S_src00475,S_src00475__lvl379,True,475,379,onehot_group,False,False,0.0,379.0,,
S_src00475,S_src00475__lvl380,True,475,380,onehot_group,False,False,0.0,380.0,,
S_src00475,S_src00475__lvl381,True,475,381,onehot_group,False,False,0.0,381.0,,
S_src00475,S_src00475__lvl382,True,475,382,onehot_group,False,False,0.0,382.0,,
S_src00475,S_src00475__lvl383,True,475,383,onehot_group,False,False,0.0,383.0,,
S_src00475,S_src00475__lvl384,True,475,384,onehot_group,False,False,0.0,384.0,,
S_src00475,S_src00475__lvl385,True,475,385,onehot_group,False,False,0.0,385.0,,
S_src00475,S_src00475__lvl386,True,475,386,onehot_group,False,False,0.0,386.0,,
S_src00475,S_src00475__lvl387,True,475,387,onehot_group,False,False,0.0,387.0,,
S_src00475,S_src00475__lvl388,True,475,388,onehot_group,False,False,0.0,388.0,,
S_src00475,S_src00475__lvl389,True,475,389,onehot_group,False,False,0.0,389.0,,
S_src00475,S_src00475__lvl390,True,475,390,onehot_group,False,False,0.0,390.0,,
S_src00475,S_src00475__lvl391,True,475,391,onehot_group,False,False,0.0,391.0,,
S_src00475,S_src00475__lvl392,True,475,392,onehot_group,False,False,0.0,392.0,,
S_src00475,S_src00475__lvl393,True,475,393,onehot_group,False,False,0.0,393.0,,
S_src00475,S_src00475__lvl394,True,475,394,onehot_group,False,False,0.0,394.0,,
S_src00475,S_src00475__lvl395,True,475,395,onehot_group,False,False,0.0,395.0,,
S_src00475,S_src00475__lvl396,True,475,396,onehot_group,False,False,0.0,396.0,,
S_src00475,S_src00475__lvl397,True,475,397,onehot_group,False,False,0.0,397.0,,
S_src00475,S_src00475__lvl398,True,475,398,onehot_group,False,False,0.0,398.0,,
S_src00475,S_src00475__lvl399,True,475,399,onehot_group,False,False,0.0,399.0,,
S_src00475,S_src00475__lvl400,True,475,400,onehot_group,False,False,0.0,400.0,,
S_src00475,S_src00475__lvl401,True,475,401,onehot_group,False,False,0.0,401.0,,
S_src00475,S_src00475__lvl402,True,475,402,onehot_group,False,False,0.0,402.0,,
S_src00475,S_src00475__lvl403,True,475,403,onehot_group,False,False,0.0,403.0,,
S_src00475,S_src00475__lvl404,True,475,404,onehot_group,False,False,0.0,404.0,,
S_src00475,S_src00475__lvl405,True,475,405,onehot_group,False,False,0.0,405.0,,
S_src00475,S_src00475__lvl406,True,475,406,onehot_group,False,False,0.0,406.0,,
S_src00475,S_src00475__lvl407,True,475,407,onehot_group,False,False,0.0,407.0,,
S_src00475,S_src00475__lvl408,True,475,408,onehot_group,False,False,0.0,408.0,,
S_src00475,S_src00475__lvl409,True,475,409,onehot_group,False,False,0.0,409.0,,
S_src00475,S_src00475__lvl410,True,475,410,onehot_group,False,False,0.0,410.0,,
S_src00475,S_src00475__lvl411,True,475,411,onehot_group,False,False,0.0,411.0,,
S_src00475,S_src00475__lvl412,True,475,412,onehot_group,False,False,0.0,412.0,,
S_src00475,S_src00475__lvl413,True,475,413,onehot_group,False,False,0.0,413.0,,
S_src00475,S_src00475__lvl414,True,475,414,onehot_group,False,False,0.0,414.0,,
S_src00475,S_src00475__lvl415,True,475,415,onehot_group,False,False,0.0,415.0,,
S_src00475,S_src00475__lvl416,True,475,416,onehot_group,False,False,0.0,416.0,,
S_src00475,S_src00475__lvl417,True,475,417,onehot_group,False,False,0.0,417.0,,
S_src00475,S_src00475__lvl418,True,475,418,onehot_group,False,False,0.0,418.0,,
S_src00475,S_src00475__lvl419,True,475,419,onehot_group,False,False,0.0,419.0,,
S_src00475,S_src00475__lvl420,True,475,420,onehot_group,False,False,0.0,420.0,,
S_src00475,S_src00475__lvl421,True,475,421,onehot_group,False,False,0.0,421.0,,
S_src00475,S_src00475__lvl422,True,475,422,onehot_group,False,False,0.0,422.0,,
S_src00475,S_src00475__lvl423,True,475,423,onehot_group,False,False,0.0,423.0,,
S_src00475,S_src00475__lvl424,True,475,424,onehot_group,False,False,0.0,424.0,,
S_src00475,S_src00475__lvl425,True,475,425,onehot_group,False,False,0.0,425.0,,
S_src00475,S_src00475__lvl426,True,475,426,onehot_group,False,False,0.0,426.0,,
S_src00475,S_src00475__lvl427,True,475,427,onehot_group,False,False,0.0,427.0,,
S_src00475,S_src00475__lvl428,True,475,428,onehot_group,False,False,0.0,428.0,,
S_src00475,S_src00475__lvl429,True,475,429,onehot_group,False,False,0.0,429.0,,
S_src00475,S_src00475__lvl430,True,475,430,onehot_group,False,False,0.0,430.0,,
S_src00475,S_src00475__lvl431,True,475,431,onehot_group,False,False,0.0,431.0,,
S_src00475,S_src00475__lvl432,True,475,432,onehot_group,False,False,0.0,432.0,,
S_src00475,S_src00475__lvl433,True,475,433,onehot_group,False,False,0.0,433.0,,
S_src00475,S_src00475__lvl434,True,475,434,onehot_group,False,False,0.0,434.0,,
S_src00475,S_src00475__lvl435,True,475,435,onehot_group,False,False,0.0,435.0,,
S_src00475,S_src00475__lvl436,True,475,436,onehot_group,False,False,0.0,436.0,,
S_src00475,S_src00475__lvl437,True,475,437,onehot_group,False,False,0.0,437.0,,
S_src00476,S_src00476__lvl0,True,476,0,onehot_group,False,True,0.0,0.0,,
S_src00476,S_src00476__lvl1,True,476,1,onehot_group,False,False,0.0,1.0,,
S_src00476,S_src00476__lvl2,True,476,2,onehot_group,False,False,0.0,2.0,,
S_src00477,S_src00477__lvl0,True,477,0,onehot_group,False,True,0.0,0.0,,
S_src00477,S_src00477__lvl1,True,477,1,onehot_group,False,False,0.0,1.0,,
S_src00477,S_src00477__lvl2,True,477,2,onehot_group,False,False,0.0,2.0,,
S_src00477,S_src00477__lvl3,True,477,3,onehot_group,False,False,0.0,3.0,,
S_src00477,S_src00477__lvl4,True,477,4,onehot_group,False,False,0.0,4.0,,
S_src00477,S_src00477__lvl5,True,477,5,onehot_group,False,False,0.0,5.0,,
S_src00477,S_src00477__lvl6,True,477,6,onehot_group,False,False,0.0,6.0,,
S_src00477,S_src00477__lvl7,True,477,7,onehot_group,False,False,0.0,7.0,,
S_src00477,S_src00477__lvl8,True,477,8,onehot_group,False,False,0.0,8.0,,
S_src00477,S_src00477__lvl9,True,477,9,onehot_group,False,False,0.0,9.0,,
S_src00477,S_src00477__lvl10,True,477,10,onehot_group,False,False,0.0,10.0,,
S_src00477,S_src00477__lvl11,True,477,11,onehot_group,False,False,0.0,11.0,,
S_src00477,S_src00477__lvl12,True,477,12,onehot_group,False,False,0.0,12.0,,
S_src00477,S_src00477__lvl13,True,477,13,onehot_group,False,False,0.0,13.0,,
S_src00477,S_src00477__lvl14,True,477,14,onehot_group,False,False,0.0,14.0,,
S_src00477,S_src00477__lvl15,True,477,15,onehot_group,False,False,0.0,15.0,,
S_src00477,S_src00477__lvl16,True,477,16,onehot_group,False,False,0.0,16.0,,
S_src00477,S_src00477__lvl17,True,477,17,onehot_group,False,False,0.0,17.0,,
S_src00477,S_src00477__lvl18,True,477,18,onehot_group,False,False,0.0,18.0,,
S_src00477,S_src00477__lvl19,True,477,19,onehot_group,False,False,0.0,19.0,,
S_src00477,S_src00477__lvl20,True,477,20,onehot_group,False,False,0.0,20.0,,
S_src00477,S_src00477__lvl21,True,477,21,onehot_group,False,False,0.0,21.0,,
S_src00477,S_src00477__lvl22,True,477,22,onehot_group,False,False,0.0,22.0,,
S_src00477,S_src00477__lvl23,True,477,23,onehot_group,False,False,0.0,23.0,,
S_src00477,S_src00477__lvl24,True,477,24,onehot_group,False,False,0.0,24.0,,
S_src00477,S_src00477__lvl25,True,477,25,onehot_group,False,False,0.0,25.0,,
S_src00477,S_src00477__lvl26,True,477,26,onehot_group,False,False,0.0,26.0,,
S_src00477,S_src00477__lvl27,True,477,27,onehot_group,False,False,0.0,27.0,,
S_src00477,S_src00477__lvl28,True,477,28,onehot_group,False,False,0.0,28.0,,
S_src00477,S_src00477__lvl29,True,477,29,onehot_group,False,False,0.0,29.0,,
S_src00477,S_src00477__lvl30,True,477,30,onehot_group,False,False,0.0,30.0,,
S_src00477,S_src00477__lvl31,True,477,31,onehot_group,False,False,0.0,31.0,,
S_src00477,S_src00477__lvl32,True,477,32,onehot_group,False,False,0.0,32.0,,
S_src00477,S_src00477__lvl33,True,477,33,onehot_group,False,False,0.0,33.0,,
S_src00477,S_src00477__lvl34,True,477,34,onehot_group,False,False,0.0,34.0,,
S_src00477,S_src00477__lvl35,True,477,35,onehot_group,False,False,0.0,35.0,,
S_src00477,S_src00477__lvl36,True,477,36,onehot_group,False,False,0.0,36.0,,
S_src00477,S_src00477__lvl37,True,477,37,onehot_group,False,False,0.0,37.0,,
S_src00477,S_src00477__lvl38,True,477,38,onehot_group,False,False,0.0,38.0,,
S_src00477,S_src00477__lvl39,True,477,39,onehot_group,False,False,0.0,39.0,,
S_src00477,S_src00477__lvl40,True,477,40,onehot_group,False,False,0.0,40.0,,
S_src00477,S_src00477__lvl41,True,477,41,onehot_group,False,False,0.0,41.0,,
S_src00477,S_src00477__lvl42,True,477,42,onehot_group,False,False,0.0,42.0,,
S_src00477,S_src00477__lvl43,True,477,43,onehot_group,False,False,0.0,43.0,,
S_src00477,S_src00477__lvl44,True,477,44,onehot_group,False,False,0.0,44.0,,
S_src00477,S_src00477__lvl45,True,477,45,onehot_group,False,False,0.0,45.0,,
S_src00477,S_src00477__lvl46,True,477,46,onehot_group,False,False,0.0,46.0,,
S_src00477,S_src00477__lvl47,True,477,47,onehot_group,False,False,0.0,47.0,,
S_src00477,S_src00477__lvl48,True,477,48,onehot_group,False,False,0.0,48.0,,
S_src00477,S_src00477__lvl49,True,477,49,onehot_group,False,False,0.0,49.0,,
S_src00477,S_src00477__lvl50,True,477,50,onehot_group,False,False,0.0,50.0,,
S_src00477,S_src00477__lvl51,True,477,51,onehot_group,False,False,0.0,51.0,,
S_src00477,S_src00477__lvl52,True,477,52,onehot_group,False,False,0.0,52.0,,
S_src00477,S_src00477__lvl53,True,477,53,onehot_group,False,False,0.0,53.0,,
S_src00477,S_src00477__lvl54,True,477,54,onehot_group,False,False,0.0,54.0,,
S_src00477,S_src00477__lvl55,True,477,55,onehot_group,False,False,0.0,55.0,,
S_src00477,S_src00477__lvl56,True,477,56,onehot_group,False,False,0.0,56.0,,
S_src00477,S_src00477__lvl57,True,477,57,onehot_group,False,False,0.0,57.0,,
S_src00477,S_src00477__lvl58,True,477,58,onehot_group,False,False,0.0,58.0,,
S_src00477,S_src00477__lvl59,True,477,59,onehot_group,False,False,0.0,59.0,,
S_src00477,S_src00477__lvl60,True,477,60,onehot_group,False,False,0.0,60.0,,
S_src00477,S_src00477__lvl61,True,477,61,onehot_group,False,False,0.0,61.0,,
S_src00477,S_src00477__lvl62,True,477,62,onehot_group,False,False,0.0,62.0,,
S_src00477,S_src00477__lvl63,True,477,63,onehot_group,False,False,0.0,63.0,,
S_src00477,S_src00477__lvl64,True,477,64,onehot_group,False,False,0.0,64.0,,
S_src00477,S_src00477__lvl65,True,477,65,onehot_group,False,False,0.0,65.0,,
S_src00477,S_src00477__lvl66,True,477,66,onehot_group,False,False,0.0,66.0,,
S_src00477,S_src00477__lvl67,True,477,67,onehot_group,False,False,0.0,67.0,,
S_src00477,S_src00477__lvl68,True,477,68,onehot_group,False,False,0.0,68.0,,
S_src00477,S_src00477__lvl69,True,477,69,onehot_group,False,False,0.0,69.0,,
S_src00477,S_src00477__lvl70,True,477,70,onehot_group,False,False,0.0,70.0,,
S_src00477,S_src00477__lvl71,True,477,71,onehot_group,False,False,0.0,71.0,,
S_src00477,S_src00477__lvl72,True,477,72,onehot_group,False,False,0.0,72.0,,
S_src00477,S_src00477__lvl73,True,477,73,onehot_group,False,False,0.0,73.0,,
S_src00477,S_src00477__lvl74,True,477,74,onehot_group,False,False,0.0,74.0,,
S_src00477,S_src00477__lvl75,True,477,75,onehot_group,False,False,0.0,75.0,,
S_src00477,S_src00477__lvl76,True,477,76,onehot_group,False,False,0.0,76.0,,
S_src00477,S_src00477__lvl77,True,477,77,onehot_group,False,False,0.0,77.0,,
S_src00477,S_src00477__lvl78,True,477,78,onehot_group,False,False,0.0,78.0,,
S_src00477,S_src00477__lvl79,True,477,79,onehot_group,False,False,0.0,79.0,,
S_src00477,S_src00477__lvl80,True,477,80,onehot_group,False,False,0.0,80.0,,
S_src00477,S_src00477__lvl81,True,477,81,onehot_group,False,False,0.0,81.0,,
S_src00477,S_src00477__lvl82,True,477,82,onehot_group,False,False,0.0,82.0,,
S_src00477,S_src00477__lvl83,True,477,83,onehot_group,False,False,0.0,83.0,,
S_src00477,S_src00477__lvl84,True,477,84,onehot_group,False,False,0.0,84.0,,
S_src00477,S_src00477__lvl85,True,477,85,onehot_group,False,False,0.0,85.0,,
S_src00477,S_src00477__lvl86,True,477,86,onehot_group,False,False,0.0,86.0,,
S_src00477,S_src00477__lvl87,True,477,87,onehot_group,False,False,0.0,87.0,,
S_src00477,S_src00477__lvl88,True,477,88,onehot_group,False,False,0.0,88.0,,
S_src00477,S_src00477__lvl89,True,477,89,onehot_group,False,False,0.0,89.0,,
S_src00477,S_src00477__lvl90,True,477,90,onehot_group,False,False,0.0,90.0,,
S_src00477,S_src00477__lvl91,True,477,91,onehot_group,False,False,0.0,91.0,,
S_src00477,S_src00477__lvl92,True,477,92,onehot_group,False,False,0.0,92.0,,
S_src00477,S_src00477__lvl93,True,477,93,onehot_group,False,False,0.0,93.0,,
S_src00477,S_src00477__lvl94,True,477,94,onehot_group,False,False,0.0,94.0,,
S_src00477,S_src00477__lvl95,True,477,95,onehot_group,False,False,0.0,95.0,,
S_src00477,S_src00477__lvl96,True,477,96,onehot_group,False,False,0.0,96.0,,
S_src00477,S_src00477__lvl97,True,477,97,onehot_group,False,False,0.0,97.0,,
S_src00477,S_src00477__lvl98,True,477,98,onehot_group,False,False,0.0,98.0,,
S_src00477,S_src00477__lvl99,True,477,99,onehot_group,False,False,0.0,99.0,,
S_src00477,S_src00477__lvl100,True,477,100,onehot_group,False,False,0.0,100.0,,
S_src00477,S_src00477__lvl101,True,477,101,onehot_group,False,False,0.0,101.0,,
S_src00477,S_src00477__lvl102,True,477,102,onehot_group,False,False,0.0,102.0,,
S_src00477,S_src00477__lvl103,True,477,103,onehot_group,False,False,0.0,103.0,,
S_src00477,S_src00477__lvl104,True,477,104,onehot_group,False,False,0.0,104.0,,
S_src00477,S_src00477__lvl105,True,477,105,onehot_group,False,False,0.0,105.0,,
S_src00477,S_src00477__lvl106,True,477,106,onehot_group,False,False,0.0,106.0,,
S_src00477,S_src00477__lvl107,True,477,107,onehot_group,False,False,0.0,107.0,,
S_src00477,S_src00477__lvl108,True,477,108,onehot_group,False,False,0.0,108.0,,
S_src00477,S_src00477__lvl109,True,477,109,onehot_group,False,False,0.0,109.0,,
S_src00477,S_src00477__lvl110,True,477,110,onehot_group,False,False,0.0,110.0,,
S_src00477,S_src00477__lvl111,True,477,111,onehot_group,False,False,0.0,111.0,,
S_src00477,S_src00477__lvl112,True,477,112,onehot_group,False,False,0.0,112.0,,
S_src00477,S_src00477__lvl113,True,477,113,onehot_group,False,False,0.0,113.0,,
S_src00477,S_src00477__lvl114,True,477,114,onehot_group,False,False,0.0,114.0,,
S_src00477,S_src00477__lvl115,True,477,115,onehot_group,False,False,0.0,115.0,,
S_src00477,S_src00477__lvl116,True,477,116,onehot_group,False,False,0.0,116.0,,
S_src00477,S_src00477__lvl117,True,477,117,onehot_group,False,False,0.0,117.0,,
S_src00477,S_src00477__lvl118,True,477,118,onehot_group,False,False,0.0,118.0,,
S_src00477,S_src00477__lvl119,True,477,119,onehot_group,False,False,0.0,119.0,,
S_src00477,S_src00477__lvl120,True,477,120,onehot_group,False,False,0.0,120.0,,
S_src00477,S_src00477__lvl121,True,477,121,onehot_group,False,False,0.0,121.0,,
S_src00477,S_src00477__lvl122,True,477,122,onehot_group,False,False,0.0,122.0,,
S_src00477,S_src00477__lvl123,True,477,123,onehot_group,False,False,0.0,123.0,,
S_src00477,S_src00477__lvl124,True,477,124,onehot_group,False,False,0.0,124.0,,
S_src00477,S_src00477__lvl125,True,477,125,onehot_group,False,False,0.0,125.0,,
S_src00477,S_src00477__lvl126,True,477,126,onehot_group,False,False,0.0,126.0,,
S_src00477,S_src00477__lvl127,True,477,127,onehot_group,False,False,0.0,127.0,,
S_src00477,S_src00477__lvl128,True,477,128,onehot_group,False,False,0.0,128.0,,
S_src00477,S_src00477__lvl129,True,477,129,onehot_group,False,False,0.0,129.0,,
S_src00477,S_src00477__lvl130,True,477,130,onehot_group,False,False,0.0,130.0,,
S_src00477,S_src00477__lvl131,True,477,131,onehot_group,False,False,0.0,131.0,,
S_src00477,S_src00477__lvl132,True,477,132,onehot_group,False,False,0.0,132.0,,
S_src00477,S_src00477__lvl133,True,477,133,onehot_group,False,False,0.0,133.0,,
S_src00477,S_src00477__lvl134,True,477,134,onehot_group,False,False,0.0,134.0,,
S_src00477,S_src00477__lvl135,True,477,135,onehot_group,False,False,0.0,135.0,,
S_src00477,S_src00477__lvl136,True,477,136,onehot_group,False,False,0.0,136.0,,
S_src00477,S_src00477__lvl137,True,477,137,onehot_group,False,False,0.0,137.0,,
S_src00477,S_src00477__lvl138,True,477,138,onehot_group,False,False,0.0,138.0,,
S_src00477,S_src00477__lvl139,True,477,139,onehot_group,False,False,0.0,139.0,,
S_src00477,S_src00477__lvl140,True,477,140,onehot_group,False,False,0.0,140.0,,
S_src00477,S_src00477__lvl141,True,477,141,onehot_group,False,False,0.0,141.0,,
S_src00477,S_src00477__lvl142,True,477,142,onehot_group,False,False,0.0,142.0,,
S_src00477,S_src00477__lvl143,True,477,143,onehot_group,False,False,0.0,143.0,,
S_src00477,S_src00477__lvl144,True,477,144,onehot_group,False,False,0.0,144.0,,
S_src00477,S_src00477__lvl145,True,477,145,onehot_group,False,False,0.0,145.0,,
S_src00477,S_src00477__lvl146,True,477,146,onehot_group,False,False,0.0,146.0,,
S_src00477,S_src00477__lvl147,True,477,147,onehot_group,False,False,0.0,147.0,,
S_src00477,S_src00477__lvl148,True,477,148,onehot_group,False,False,0.0,148.0,,
S_src00477,S_src00477__lvl149,True,477,149,onehot_group,False,False,0.0,149.0,,
S_src00477,S_src00477__lvl150,True,477,150,onehot_group,False,False,0.0,150.0,,
S_src00477,S_src00477__lvl151,True,477,151,onehot_group,False,False,0.0,151.0,,
S_src00477,S_src00477__lvl152,True,477,152,onehot_group,False,False,0.0,152.0,,
S_src00477,S_src00477__lvl153,True,477,153,onehot_group,False,False,0.0,153.0,,
S_src00477,S_src00477__lvl154,True,477,154,onehot_group,False,False,0.0,154.0,,
S_src00477,S_src00477__lvl155,True,477,155,onehot_group,False,False,0.0,155.0,,
S_src00477,S_src00477__lvl156,True,477,156,onehot_group,False,False,0.0,156.0,,
S_src00477,S_src00477__lvl157,True,477,157,onehot_group,False,False,0.0,157.0,,
S_src00477,S_src00477__lvl158,True,477,158,onehot_group,False,False,0.0,158.0,,
S_src00477,S_src00477__lvl159,True,477,159,onehot_group,False,False,0.0,159.0,,
S_src00477,S_src00477__lvl160,True,477,160,onehot_group,False,False,0.0,160.0,,
S_src00477,S_src00477__lvl161,True,477,161,onehot_group,False,False,0.0,161.0,,
S_src00477,S_src00477__lvl162,True,477,162,onehot_group,False,False,0.0,162.0,,
S_src00477,S_src00477__lvl163,True,477,163,onehot_group,False,False,0.0,163.0,,
S_src00477,S_src00477__lvl164,True,477,164,onehot_group,False,False,0.0,164.0,,
S_src00477,S_src00477__lvl165,True,477,165,onehot_group,False,False,0.0,165.0,,
S_src00477,S_src00477__lvl166,True,477,166,onehot_group,False,False,0.0,166.0,,
S_src00477,S_src00477__lvl167,True,477,167,onehot_group,False,False,0.0,167.0,,
S_src00477,S_src00477__lvl168,True,477,168,onehot_group,False,False,0.0,168.0,,
S_src00477,S_src00477__lvl169,True,477,169,onehot_group,False,False,0.0,169.0,,
S_src00477,S_src00477__lvl170,True,477,170,onehot_group,False,False,0.0,170.0,,
S_src00477,S_src00477__lvl171,True,477,171,onehot_group,False,False,0.0,171.0,,
S_src00477,S_src00477__lvl172,True,477,172,onehot_group,False,False,0.0,172.0,,
S_src00477,S_src00477__lvl173,True,477,173,onehot_group,False,False,0.0,173.0,,
S_src00477,S_src00477__lvl174,True,477,174,onehot_group,False,False,0.0,174.0,,
S_src00477,S_src00477__lvl175,True,477,175,onehot_group,False,False,0.0,175.0,,
S_src00477,S_src00477__lvl176,True,477,176,onehot_group,False,False,0.0,176.0,,
S_src00477,S_src00477__lvl177,True,477,177,onehot_group,False,False,0.0,177.0,,
S_src00477,S_src00477__lvl178,True,477,178,onehot_group,False,False,0.0,178.0,,
S_src00477,S_src00477__lvl179,True,477,179,onehot_group,False,False,0.0,179.0,,
S_src00477,S_src00477__lvl180,True,477,180,onehot_group,False,False,0.0,180.0,,
S_src00477,S_src00477__lvl181,True,477,181,onehot_group,False,False,0.0,181.0,,
S_src00477,S_src00477__lvl182,True,477,182,onehot_group,False,False,0.0,182.0,,
S_src00477,S_src00477__lvl183,True,477,183,onehot_group,False,False,0.0,183.0,,
S_src00477,S_src00477__lvl184,True,477,184,onehot_group,False,False,0.0,184.0,,
S_src00477,S_src00477__lvl185,True,477,185,onehot_group,False,False,0.0,185.0,,
S_src00477,S_src00477__lvl186,True,477,186,onehot_group,False,False,0.0,186.0,,
S_src00477,S_src00477__lvl187,True,477,187,onehot_group,False,False,0.0,187.0,,
S_src00477,S_src00477__lvl188,True,477,188,onehot_group,False,False,0.0,188.0,,
S_src00477,S_src00477__lvl189,True,477,189,onehot_group,False,False,0.0,189.0,,
S_src00477,S_src00477__lvl190,True,477,190,onehot_group,False,False,0.0,190.0,,
S_src00477,S_src00477__lvl191,True,477,191,onehot_group,False,False,0.0,191.0,,
S_src00477,S_src00477__lvl192,True,477,192,onehot_group,False,False,0.0,192.0,,
S_src00477,S_src00477__lvl193,True,477,193,onehot_group,False,False,0.0,193.0,,
S_src00477,S_src00477__lvl194,True,477,194,onehot_group,False,False,0.0,194.0,,
S_src00477,S_src00477__lvl195,True,477,195,onehot_group,False,False,0.0,195.0,,
S_src00477,S_src00477__lvl196,True,477,196,onehot_group,False,False,0.0,196.0,,
S_src00477,S_src00477__lvl197,True,477,197,onehot_group,False,False,0.0,197.0,,
S_src00477,S_src00477__lvl198,True,477,198,onehot_group,False,False,0.0,198.0,,
S_src00477,S_src00477__lvl199,True,477,199,onehot_group,False,False,0.0,199.0,,
S_src00477,S_src00477__lvl200,True,477,200,onehot_group,False,False,0.0,200.0,,
S_src00477,S_src00477__lvl201,True,477,201,onehot_group,False,False,0.0,201.0,,
S_src00477,S_src00477__lvl202,True,477,202,onehot_group,False,False,0.0,202.0,,
S_src00477,S_src00477__lvl203,True,477,203,onehot_group,False,False,0.0,203.0,,
S_src00477,S_src00477__lvl204,True,477,204,onehot_group,False,False,0.0,204.0,,
S_src00477,S_src00477__lvl205,True,477,205,onehot_group,False,False,0.0,205.0,,
S_src00477,S_src00477__lvl206,True,477,206,onehot_group,False,False,0.0,206.0,,
S_src00477,S_src00477__lvl207,True,477,207,onehot_group,False,False,0.0,207.0,,
S_src00477,S_src00477__lvl208,True,477,208,onehot_group,False,False,0.0,208.0,,
S_src00477,S_src00477__lvl209,True,477,209,onehot_group,False,False,0.0,209.0,,
S_src00477,S_src00477__lvl210,True,477,210,onehot_group,False,False,0.0,210.0,,
S_src00477,S_src00477__lvl211,True,477,211,onehot_group,False,False,0.0,211.0,,
S_src00477,S_src00477__lvl212,True,477,212,onehot_group,False,False,0.0,212.0,,
S_src00477,S_src00477__lvl213,True,477,213,onehot_group,False,False,0.0,213.0,,
S_src00477,S_src00477__lvl214,True,477,214,onehot_group,False,False,0.0,214.0,,
S_src00477,S_src00477__lvl215,True,477,215,onehot_group,False,False,0.0,215.0,,
S_src00477,S_src00477__lvl216,True,477,216,onehot_group,False,False,0.0,216.0,,
S_src00477,S_src00477__lvl217,True,477,217,onehot_group,False,False,0.0,217.0,,
S_src00477,S_src00477__lvl218,True,477,218,onehot_group,False,False,0.0,218.0,,
S_src00477,S_src00477__lvl219,True,477,219,onehot_group,False,False,0.0,219.0,,
S_src00477,S_src00477__lvl220,True,477,220,onehot_group,False,False,0.0,220.0,,
S_src00477,S_src00477__lvl221,True,477,221,onehot_group,False,False,0.0,221.0,,
S_src00477,S_src00477__lvl222,True,477,222,onehot_group,False,False,0.0,222.0,,
S_src00477,S_src00477__lvl223,True,477,223,onehot_group,False,False,0.0,223.0,,
S_src00477,S_src00477__lvl224,True,477,224,onehot_group,False,False,0.0,224.0,,
S_src00477,S_src00477__lvl225,True,477,225,onehot_group,False,False,0.0,225.0,,
S_src00477,S_src00477__lvl226,True,477,226,onehot_group,False,False,0.0,226.0,,
S_src00477,S_src00477__lvl227,True,477,227,onehot_group,False,False,0.0,227.0,,
S_src00477,S_src00477__lvl228,True,477,228,onehot_group,False,False,0.0,228.0,,
S_src00477,S_src00477__lvl229,True,477,229,onehot_group,False,False,0.0,229.0,,
S_src00477,S_src00477__lvl230,True,477,230,onehot_group,False,False,0.0,230.0,,
S_src00477,S_src00477__lvl231,True,477,231,onehot_group,False,False,0.0,231.0,,
S_src00477,S_src00477__lvl232,True,477,232,onehot_group,False,False,0.0,232.0,,
S_src00477,S_src00477__lvl233,True,477,233,onehot_group,False,False,0.0,233.0,,
S_src00477,S_src00477__lvl234,True,477,234,onehot_group,False,False,0.0,234.0,,
S_src00477,S_src00477__lvl235,True,477,235,onehot_group,False,False,0.0,235.0,,
S_src00477,S_src00477__lvl236,True,477,236,onehot_group,False,False,0.0,236.0,,
S_src00477,S_src00477__lvl237,True,477,237,onehot_group,False,False,0.0,237.0,,
S_src00477,S_src00477__lvl238,True,477,238,onehot_group,False,False,0.0,238.0,,
S_src00477,S_src00477__lvl239,True,477,239,onehot_group,False,False,0.0,239.0,,
S_src00477,S_src00477__lvl240,True,477,240,onehot_group,False,False,0.0,240.0,,
S_src00477,S_src00477__lvl241,True,477,241,onehot_group,False,False,0.0,241.0,,
S_src00477,S_src00477__lvl242,True,477,242,onehot_group,False,False,0.0,242.0,,
S_src00477,S_src00477__lvl243,True,477,243,onehot_group,False,False,0.0,243.0,,
S_src00477,S_src00477__lvl244,True,477,244,onehot_group,False,False,0.0,244.0,,
S_src00477,S_src00477__lvl245,True,477,245,onehot_group,False,False,0.0,245.0,,
S_src00477,S_src00477__lvl246,True,477,246,onehot_group,False,False,0.0,246.0,,
S_src00477,S_src00477__lvl247,True,477,247,onehot_group,False,False,0.0,247.0,,
S_src00477,S_src00477__lvl248,True,477,248,onehot_group,False,False,0.0,248.0,,
S_src00477,S_src00477__lvl249,True,477,249,onehot_group,False,False,0.0,249.0,,
S_src00477,S_src00477__lvl250,True,477,250,onehot_group,False,False,0.0,250.0,,
S_src00477,S_src00477__lvl251,True,477,251,onehot_group,False,False,0.0,251.0,,
S_src00477,S_src00477__lvl252,True,477,252,onehot_group,False,False,0.0,252.0,,
S_src00477,S_src00477__lvl253,True,477,253,onehot_group,False,False,0.0,253.0,,
S_src00477,S_src00477__lvl254,True,477,254,onehot_group,False,False,0.0,254.0,,
S_src00477,S_src00477__lvl255,True,477,255,onehot_group,False,False,0.0,255.0,,
S_src00477,S_src00477__lvl256,True,477,256,onehot_group,False,False,0.0,256.0,,
S_src00477,S_src00477__lvl257,True,477,257,onehot_group,False,False,0.0,257.0,,
S_src00477,S_src00477__lvl258,True,477,258,onehot_group,False,False,0.0,258.0,,
S_src00477,S_src00477__lvl259,True,477,259,onehot_group,False,False,0.0,259.0,,
S_src00477,S_src00477__lvl260,True,477,260,onehot_group,False,False,0.0,260.0,,
S_src00477,S_src00477__lvl261,True,477,261,onehot_group,False,False,0.0,261.0,,
S_src00477,S_src00477__lvl262,True,477,262,onehot_group,False,False,0.0,262.0,,
S_src00477,S_src00477__lvl263,True,477,263,onehot_group,False,False,0.0,263.0,,
S_src00477,S_src00477__lvl264,True,477,264,onehot_group,False,False,0.0,264.0,,
S_src00477,S_src00477__lvl265,True,477,265,onehot_group,False,False,0.0,265.0,,
S_src00477,S_src00477__lvl266,True,477,266,onehot_group,False,False,0.0,266.0,,
S_src00477,S_src00477__lvl267,True,477,267,onehot_group,False,False,0.0,267.0,,
S_src00477,S_src00477__lvl268,True,477,268,onehot_group,False,False,0.0,268.0,,
S_src00477,S_src00477__lvl269,True,477,269,onehot_group,False,False,0.0,269.0,,
S_src00477,S_src00477__lvl270,True,477,270,onehot_group,False,False,0.0,270.0,,
S_src00477,S_src00477__lvl271,True,477,271,onehot_group,False,False,0.0,271.0,,
S_src00477,S_src00477__lvl272,True,477,272,onehot_group,False,False,0.0,272.0,,
S_src00477,S_src00477__lvl273,True,477,273,onehot_group,False,False,0.0,273.0,,
S_src00477,S_src00477__lvl274,True,477,274,onehot_group,False,False,0.0,274.0,,
S_src00477,S_src00477__lvl275,True,477,275,onehot_group,False,False,0.0,275.0,,
S_src00477,S_src00477__lvl276,True,477,276,onehot_group,False,False,0.0,276.0,,
S_src00477,S_src00477__lvl277,True,477,277,onehot_group,False,False,0.0,277.0,,
S_src00477,S_src00477__lvl278,True,477,278,onehot_group,False,False,0.0,278.0,,
S_src00477,S_src00477__lvl279,True,477,279,onehot_group,False,False,0.0,279.0,,
S_src00477,S_src00477__lvl280,True,477,280,onehot_group,False,False,0.0,280.0,,
S_src00477,S_src00477__lvl281,True,477,281,onehot_group,False,False,0.0,281.0,,
S_src00477,S_src00477__lvl282,True,477,282,onehot_group,False,False,0.0,282.0,,
S_src00477,S_src00477__lvl283,True,477,283,onehot_group,False,False,0.0,283.0,,
S_src00477,S_src00477__lvl284,True,477,284,onehot_group,False,False,0.0,284.0,,
S_src00477,S_src00477__lvl285,True,477,285,onehot_group,False,False,0.0,285.0,,
S_src00477,S_src00477__lvl286,True,477,286,onehot_group,False,False,0.0,286.0,,
S_src00477,S_src00477__lvl287,True,477,287,onehot_group,False,False,0.0,287.0,,
S_src00477,S_src00477__lvl288,True,477,288,onehot_group,False,False,0.0,288.0,,
S_src00477,S_src00477__lvl289,True,477,289,onehot_group,False,False,0.0,289.0,,
S_src00477,S_src00477__lvl290,True,477,290,onehot_group,False,False,0.0,290.0,,
S_src00477,S_src00477__lvl291,True,477,291,onehot_group,False,False,0.0,291.0,,
S_src00477,S_src00477__lvl292,True,477,292,onehot_group,False,False,0.0,292.0,,
S_src00477,S_src00477__lvl293,True,477,293,onehot_group,False,False,0.0,293.0,,
S_src00477,S_src00477__lvl294,True,477,294,onehot_group,False,False,0.0,294.0,,
S_src00477,S_src00477__lvl295,True,477,295,onehot_group,False,False,0.0,295.0,,
S_src00477,S_src00477__lvl296,True,477,296,onehot_group,False,False,0.0,296.0,,
S_src00477,S_src00477__lvl297,True,477,297,onehot_group,False,False,0.0,297.0,,
S_src00477,S_src00477__lvl298,True,477,298,onehot_group,False,False,0.0,298.0,,
S_src00477,S_src00477__lvl299,True,477,299,onehot_group,False,False,0.0,299.0,,
S_src00477,S_src00477__lvl300,True,477,300,onehot_group,False,False,0.0,300.0,,
S_src00477,S_src00477__lvl301,True,477,301,onehot_group,False,False,0.0,301.0,,
S_src00477,S_src00477__lvl302,True,477,302,onehot_group,False,False,0.0,302.0,,
S_src00477,S_src00477__lvl303,True,477,303,onehot_group,False,False,0.0,303.0,,
S_src00477,S_src00477__lvl304,True,477,304,onehot_group,False,False,0.0,304.0,,
S_src00477,S_src00477__lvl305,True,477,305,onehot_group,False,False,0.0,305.0,,
S_src00477,S_src00477__lvl306,True,477,306,onehot_group,False,False,0.0,306.0,,
S_src00477,S_src00477__lvl307,True,477,307,onehot_group,False,False,0.0,307.0,,
S_src00477,S_src00477__lvl308,True,477,308,onehot_group,False,False,0.0,308.0,,
S_src00477,S_src00477__lvl309,True,477,309,onehot_group,False,False,0.0,309.0,,
S_src00477,S_src00477__lvl310,True,477,310,onehot_group,False,False,0.0,310.0,,
S_src00477,S_src00477__lvl311,True,477,311,onehot_group,False,False,0.0,311.0,,
S_src00477,S_src00477__lvl312,True,477,312,onehot_group,False,False,0.0,312.0,,
S_src00477,S_src00477__lvl313,True,477,313,onehot_group,False,False,0.0,313.0,,
S_src00477,S_src00477__lvl314,True,477,314,onehot_group,False,False,0.0,314.0,,
S_src00477,S_src00477__lvl315,True,477,315,onehot_group,False,False,0.0,315.0,,
S_src00477,S_src00477__lvl316,True,477,316,onehot_group,False,False,0.0,316.0,,
S_src00477,S_src00477__lvl317,True,477,317,onehot_group,False,False,0.0,317.0,,
S_src00477,S_src00477__lvl318,True,477,318,onehot_group,False,False,0.0,318.0,,
S_src00477,S_src00477__lvl319,True,477,319,onehot_group,False,False,0.0,319.0,,
S_src00477,S_src00477__lvl320,True,477,320,onehot_group,False,False,0.0,320.0,,
S_src00477,S_src00477__lvl321,True,477,321,onehot_group,False,False,0.0,321.0,,
S_src00477,S_src00477__lvl322,True,477,322,onehot_group,False,False,0.0,322.0,,
S_src00477,S_src00477__lvl323,True,477,323,onehot_group,False,False,0.0,323.0,,
S_src00477,S_src00477__lvl324,True,477,324,onehot_group,False,False,0.0,324.0,,
S_src00477,S_src00477__lvl325,True,477,325,onehot_group,False,False,0.0,325.0,,
S_src00477,S_src00477__lvl326,True,477,326,onehot_group,False,False,0.0,326.0,,
S_src00477,S_src00477__lvl327,True,477,327,onehot_group,False,False,0.0,327.0,,
S_src00477,S_src00477__lvl328,True,477,328,onehot_group,False,False,0.0,328.0,,
S_src00477,S_src00477__lvl329,True,477,329,onehot_group,False,False,0.0,329.0,,
S_src00477,S_src00477__lvl330,True,477,330,onehot_group,False,False,0.0,330.0,,
S_src00477,S_src00477__lvl331,True,477,331,onehot_group,False,False,0.0,331.0,,
S_src00477,S_src00477__lvl332,True,477,332,onehot_group,False,False,0.0,332.0,,
S_src00477,S_src00477__lvl333,True,477,333,onehot_group,False,False,0.0,333.0,,
S_src00477,S_src00477__lvl334,True,477,334,onehot_group,False,False,0.0,334.0,,
S_src00477,S_src00477__lvl335,True,477,335,onehot_group,False,False,0.0,335.0,,
S_src00477,S_src00477__lvl336,True,477,336,onehot_group,False,False,0.0,336.0,,
S_src00477,S_src00477__lvl337,True,477,337,onehot_group,False,False,0.0,337.0,,
S_src00477,S_src00477__lvl338,True,477,338,onehot_group,False,False,0.0,338.0,,
S_src00477,S_src00477__lvl339,True,477,339,onehot_group,False,False,0.0,339.0,,
S_src00477,S_src00477__lvl340,True,477,340,onehot_group,False,False,0.0,340.0,,
S_src00477,S_src00477__lvl341,True,477,341,onehot_group,False,False,0.0,341.0,,
S_src00477,S_src00477__lvl342,True,477,342,onehot_group,False,False,0.0,342.0,,
S_src00477,S_src00477__lvl343,True,477,343,onehot_group,False,False,0.0,343.0,,
S_src00477,S_src00477__lvl344,True,477,344,onehot_group,False,False,0.0,344.0,,
S_src00477,S_src00477__lvl345,True,477,345,onehot_group,False,False,0.0,345.0,,
S_src00477,S_src00477__lvl346,True,477,346,onehot_group,False,False,0.0,346.0,,
S_src00477,S_src00477__lvl347,True,477,347,onehot_group,False,False,0.0,347.0,,
S_src00477,S_src00477__lvl348,True,477,348,onehot_group,False,False,0.0,348.0,,
S_src00477,S_src00477__lvl349,True,477,349,onehot_group,False,False,0.0,349.0,,
S_src00477,S_src00477__lvl350,True,477,350,onehot_group,False,False,0.0,350.0,,
S_src00477,S_src00477__lvl351,True,477,351,onehot_group,False,False,0.0,351.0,,
S_src00477,S_src00477__lvl352,True,477,352,onehot_group,False,False,0.0,352.0,,
S_src00477,S_src00477__lvl353,True,477,353,onehot_group,False,False,0.0,353.0,,
S_src00477,S_src00477__lvl354,True,477,354,onehot_group,False,False,0.0,354.0,,
S_src00477,S_src00477__lvl355,True,477,355,onehot_group,False,False,0.0,355.0,,
S_src00477,S_src00477__lvl356,True,477,356,onehot_group,False,False,0.0,356.0,,
S_src00477,S_src00477__lvl357,True,477,357,onehot_group,False,False,0.0,357.0,,
S_src00477,S_src00477__lvl358,True,477,358,onehot_group,False,False,0.0,358.0,,
S_src00477,S_src00477__lvl359,True,477,359,onehot_group,False,False,0.0,359.0,,
S_src00477,S_src00477__lvl360,True,477,360,onehot_group,False,False,0.0,360.0,,
S_src00477,S_src00477__lvl361,True,477,361,onehot_group,False,False,0.0,361.0,,
S_src00477,S_src00477__lvl362,True,477,362,onehot_group,False,False,0.0,362.0,,
S_src00477,S_src00477__lvl363,True,477,363,onehot_group,False,False,0.0,363.0,,
S_src00477,S_src00477__lvl364,True,477,364,onehot_group,False,False,0.0,364.0,,
S_src00477,S_src00477__lvl365,True,477,365,onehot_group,False,False,0.0,365.0,,
S_src00477,S_src00477__lvl366,True,477,366,onehot_group,False,False,0.0,366.0,,
S_src00477,S_src00477__lvl367,True,477,367,onehot_group,False,False,0.0,367.0,,
S_src00477,S_src00477__lvl368,True,477,368,onehot_group,False,False,0.0,368.0,,
S_src00477,S_src00477__lvl369,True,477,369,onehot_group,False,False,0.0,369.0,,
S_src00477,S_src00477__lvl370,True,477,370,onehot_group,False,False,0.0,370.0,,
S_src00477,S_src00477__lvl371,True,477,371,onehot_group,False,False,0.0,371.0,,
S_src00477,S_src00477__lvl372,True,477,372,onehot_group,False,False,0.0,372.0,,
S_src00477,S_src00477__lvl373,True,477,373,onehot_group,False,False,0.0,373.0,,
S_src00477,S_src00477__lvl374,True,477,374,onehot_group,False,False,0.0,374.0,,
S_src00477,S_src00477__lvl375,True,477,375,onehot_group,False,False,0.0,375.0,,
S_src00477,S_src00477__lvl376,True,477,376,onehot_group,False,False,0.0,376.0,,
S_src00477,S_src00477__lvl377,True,477,377,onehot_group,False,False,0.0,377.0,,
S_src00477,S_src00477__lvl378,True,477,378,onehot_group,False,False,0.0,378.0,,
S_src00477,S_src00477__lvl379,True,477,379,onehot_group,False,False,0.0,379.0,,
S_src00477,S_src00477__lvl380,True,477,380,onehot_group,False,False,0.0,380.0,,
S_src00477,S_src00477__lvl381,True,477,381,onehot_group,False,False,0.0,381.0,,
S_src00477,S_src00477__lvl382,True,477,382,onehot_group,False,False,0.0,382.0,,
S_src00477,S_src00477__lvl383,True,477,383,onehot_group,False,False,0.0,383.0,,
S_src00477,S_src00477__lvl384,True,477,384,onehot_group,False,False,0.0,384.0,,
S_src00477,S_src00477__lvl385,True,477,385,onehot_group,False,False,0.0,385.0,,
S_src00477,S_src00477__lvl386,True,477,386,onehot_group,False,False,0.0,386.0,,
S_src00477,S_src00477__lvl387,True,477,387,onehot_group,False,False,0.0,387.0,,
S_src00477,S_src00477__lvl388,True,477,388,onehot_group,False,False,0.0,388.0,,
S_src00477,S_src00477__lvl389,True,477,389,onehot_group,False,False,0.0,389.0,,
S_src00477,S_src00477__lvl390,True,477,390,onehot_group,False,False,0.0,390.0,,
S_src00477,S_src00477__lvl391,True,477,391,onehot_group,False,False,0.0,391.0,,
S_src00477,S_src00477__lvl392,True,477,392,onehot_group,False,False,0.0,392.0,,
S_src00477,S_src00477__lvl393,True,477,393,onehot_group,False,False,0.0,393.0,,
S_src00477,S_src00477__lvl394,True,477,394,onehot_group,False,False,0.0,394.0,,
S_src00477,S_src00477__lvl395,True,477,395,onehot_group,False,False,0.0,395.0,,
S_src00477,S_src00477__lvl396,True,477,396,onehot_group,False,False,0.0,396.0,,
S_src00477,S_src00477__lvl397,True,477,397,onehot_group,False,False,0.0,397.0,,
S_src00477,S_src00477__lvl398,True,477,398,onehot_group,False,False,0.0,398.0,,
S_src00477,S_src00477__lvl399,True,477,399,onehot_group,False,False,0.0,399.0,,
S_src00477,S_src00477__lvl400,True,477,400,onehot_group,False,False,0.0,400.0,,
S_src00477,S_src00477__lvl401,True,477,401,onehot_group,False,False,0.0,401.0,,
S_src00477,S_src00477__lvl402,True,477,402,onehot_group,False,False,0.0,402.0,,
S_src00477,S_src00477__lvl403,True,477,403,onehot_group,False,False,0.0,403.0,,
S_src00477,S_src00477__lvl404,True,477,404,onehot_group,False,False,0.0,404.0,,
S_src00477,S_src00477__lvl405,True,477,405,onehot_group,False,False,0.0,405.0,,
S_src00477,S_src00477__lvl406,True,477,406,onehot_group,False,False,0.0,406.0,,
S_src00477,S_src00477__lvl407,True,477,407,onehot_group,False,False,0.0,407.0,,
S_src00477,S_src00477__lvl408,True,477,408,onehot_group,False,False,0.0,408.0,,
S_src00477,S_src00477__lvl409,True,477,409,onehot_group,False,False,0.0,409.0,,
S_src00477,S_src00477__lvl410,True,477,410,onehot_group,False,False,0.0,410.0,,
S_src00477,S_src00477__lvl411,True,477,411,onehot_group,False,False,0.0,411.0,,
S_src00477,S_src00477__lvl412,True,477,412,onehot_group,False,False,0.0,412.0,,
S_src00477,S_src00477__lvl413,True,477,413,onehot_group,False,False,0.0,413.0,,
S_src00477,S_src00477__lvl414,True,477,414,onehot_group,False,False,0.0,414.0,,
S_src00477,S_src00477__lvl415,True,477,415,onehot_group,False,False,0.0,415.0,,
S_src00477,S_src00477__lvl416,True,477,416,onehot_group,False,False,0.0,416.0,,
S_src00477,S_src00477__lvl417,True,477,417,onehot_group,False,False,0.0,417.0,,
S_src00477,S_src00477__lvl418,True,477,418,onehot_group,False,False,0.0,418.0,,
S_src00477,S_src00477__lvl419,True,477,419,onehot_group,False,False,0.0,419.0,,
S_src00477,S_src00477__lvl420,True,477,420,onehot_group,False,False,0.0,420.0,,
S_src00477,S_src00477__lvl421,True,477,421,onehot_group,False,False,0.0,421.0,,
S_src00477,S_src00477__lvl422,True,477,422,onehot_group,False,False,0.0,422.0,,
S_src00477,S_src00477__lvl423,True,477,423,onehot_group,False,False,0.0,423.0,,
S_src00477,S_src00477__lvl424,True,477,424,onehot_group,False,False,0.0,424.0,,
S_src00477,S_src00477__lvl425,True,477,425,onehot_group,False,False,0.0,425.0,,
S_src00477,S_src00477__lvl426,True,477,426,onehot_group,False,False,0.0,426.0,,
S_src00477,S_src00477__lvl427,True,477,427,onehot_group,False,False,0.0,427.0,,
S_src00477,S_src00477__lvl428,True,477,428,onehot_group,False,False,0.0,428.0,,
S_src00477,S_src00477__lvl429,True,477,429,onehot_group,False,False,0.0,429.0,,
S_src00477,S_src00477__lvl430,True,477,430,onehot_group,False,False,0.0,430.0,,
S_src00477,S_src00477__lvl431,True,477,431,onehot_group,False,False,0.0,431.0,,
S_src00477,S_src00477__lvl432,True,477,432,onehot_group,False,False,0.0,432.0,,
S_src00477,S_src00477__lvl433,True,477,433,onehot_group,False,False,0.0,433.0,,
S_src00477,S_src00477__lvl434,True,477,434,onehot_group,False,False,0.0,434.0,,
S_src00478,S_src00478__lvl0,True,478,0,onehot_group,False,True,0.0,0.0,,
S_src00478,S_src00478__lvl1,True,478,1,onehot_group,False,False,0.0,1.0,,
S_src00478,S_src00478__lvl2,True,478,2,onehot_group,False,False,0.0,2.0,,
S_src00479,S_src00479__lvl0,True,479,0,onehot_group,False,True,0.0,0.0,,
S_src00479,S_src00479__lvl1,True,479,1,onehot_group,False,False,0.0,1.0,,
S_src00479,S_src00479__lvl2,True,479,2,onehot_group,False,False,0.0,2.0,,
S_src00479,S_src00479__lvl3,True,479,3,onehot_group,False,False,0.0,3.0,,
S_src00479,S_src00479__lvl4,True,479,4,onehot_group,False,False,0.0,4.0,,
S_src00479,S_src00479__lvl5,True,479,5,onehot_group,False,False,0.0,5.0,,
S_src00479,S_src00479__lvl6,True,479,6,onehot_group,False,False,0.0,6.0,,
S_src00479,S_src00479__lvl7,True,479,7,onehot_group,False,False,0.0,7.0,,
S_src00479,S_src00479__lvl8,True,479,8,onehot_group,False,False,0.0,8.0,,
S_src00479,S_src00479__lvl9,True,479,9,onehot_group,False,False,0.0,9.0,,
S_src00479,S_src00479__lvl10,True,479,10,onehot_group,False,False,0.0,10.0,,
S_src00479,S_src00479__lvl11,True,479,11,onehot_group,False,False,0.0,11.0,,
S_src00479,S_src00479__lvl12,True,479,12,onehot_group,False,False,0.0,12.0,,
S_src00479,S_src00479__lvl13,True,479,13,onehot_group,False,False,0.0,13.0,,
S_src00479,S_src00479__lvl14,True,479,14,onehot_group,False,False,0.0,14.0,,
S_src00479,S_src00479__lvl15,True,479,15,onehot_group,False,False,0.0,15.0,,
S_src00479,S_src00479__lvl16,True,479,16,onehot_group,False,False,0.0,16.0,,
S_src00479,S_src00479__lvl17,True,479,17,onehot_group,False,False,0.0,17.0,,
S_src00479,S_src00479__lvl18,True,479,18,onehot_group,False,False,0.0,18.0,,
S_src00479,S_src00479__lvl19,True,479,19,onehot_group,False,False,0.0,19.0,,
S_src00479,S_src00479__lvl20,True,479,20,onehot_group,False,False,0.0,20.0,,
S_src00479,S_src00479__lvl21,True,479,21,onehot_group,False,False,0.0,21.0,,
S_src00479,S_src00479__lvl22,True,479,22,onehot_group,False,False,0.0,22.0,,
S_src00479,S_src00479__lvl23,True,479,23,onehot_group,False,False,0.0,23.0,,
S_src00479,S_src00479__lvl24,True,479,24,onehot_group,False,False,0.0,24.0,,
S_src00479,S_src00479__lvl25,True,479,25,onehot_group,False,False,0.0,25.0,,
S_src00479,S_src00479__lvl26,True,479,26,onehot_group,False,False,0.0,26.0,,
S_src00479,S_src00479__lvl27,True,479,27,onehot_group,False,False,0.0,27.0,,
S_src00479,S_src00479__lvl28,True,479,28,onehot_group,False,False,0.0,28.0,,
S_src00479,S_src00479__lvl29,True,479,29,onehot_group,False,False,0.0,29.0,,
S_src00479,S_src00479__lvl30,True,479,30,onehot_group,False,False,0.0,30.0,,
S_src00479,S_src00479__lvl31,True,479,31,onehot_group,False,False,0.0,31.0,,
S_src00479,S_src00479__lvl32,True,479,32,onehot_group,False,False,0.0,32.0,,
S_src00479,S_src00479__lvl33,True,479,33,onehot_group,False,False,0.0,33.0,,
S_src00479,S_src00479__lvl34,True,479,34,onehot_group,False,False,0.0,34.0,,
S_src00479,S_src00479__lvl35,True,479,35,onehot_group,False,False,0.0,35.0,,
S_src00479,S_src00479__lvl36,True,479,36,onehot_group,False,False,0.0,36.0,,
S_src00479,S_src00479__lvl37,True,479,37,onehot_group,False,False,0.0,37.0,,
S_src00479,S_src00479__lvl38,True,479,38,onehot_group,False,False,0.0,38.0,,
S_src00479,S_src00479__lvl39,True,479,39,onehot_group,False,False,0.0,39.0,,
S_src00479,S_src00479__lvl40,True,479,40,onehot_group,False,False,0.0,40.0,,
S_src00479,S_src00479__lvl41,True,479,41,onehot_group,False,False,0.0,41.0,,
S_src00479,S_src00479__lvl42,True,479,42,onehot_group,False,False,0.0,42.0,,
S_src00479,S_src00479__lvl43,True,479,43,onehot_group,False,False,0.0,43.0,,
S_src00479,S_src00479__lvl44,True,479,44,onehot_group,False,False,0.0,44.0,,
S_src00479,S_src00479__lvl45,True,479,45,onehot_group,False,False,0.0,45.0,,
S_src00479,S_src00479__lvl46,True,479,46,onehot_group,False,False,0.0,46.0,,
S_src00479,S_src00479__lvl47,True,479,47,onehot_group,False,False,0.0,47.0,,
S_src00479,S_src00479__lvl48,True,479,48,onehot_group,False,False,0.0,48.0,,
S_src00479,S_src00479__lvl49,True,479,49,onehot_group,False,False,0.0,49.0,,
S_src00479,S_src00479__lvl50,True,479,50,onehot_group,False,False,0.0,50.0,,
S_src00479,S_src00479__lvl51,True,479,51,onehot_group,False,False,0.0,51.0,,
S_src00479,S_src00479__lvl52,True,479,52,onehot_group,False,False,0.0,52.0,,
S_src00479,S_src00479__lvl53,True,479,53,onehot_group,False,False,0.0,53.0,,
S_src00479,S_src00479__lvl54,True,479,54,onehot_group,False,False,0.0,54.0,,
S_src00479,S_src00479__lvl55,True,479,55,onehot_group,False,False,0.0,55.0,,
S_src00479,S_src00479__lvl56,True,479,56,onehot_group,False,False,0.0,56.0,,
S_src00479,S_src00479__lvl57,True,479,57,onehot_group,False,False,0.0,57.0,,
S_src00479,S_src00479__lvl58,True,479,58,onehot_group,False,False,0.0,58.0,,
S_src00479,S_src00479__lvl59,True,479,59,onehot_group,False,False,0.0,59.0,,
S_src00479,S_src00479__lvl60,True,479,60,onehot_group,False,False,0.0,60.0,,
S_src00479,S_src00479__lvl61,True,479,61,onehot_group,False,False,0.0,61.0,,
S_src00479,S_src00479__lvl62,True,479,62,onehot_group,False,False,0.0,62.0,,
S_src00479,S_src00479__lvl63,True,479,63,onehot_group,False,False,0.0,63.0,,
S_src00479,S_src00479__lvl64,True,479,64,onehot_group,False,False,0.0,64.0,,
S_src00479,S_src00479__lvl65,True,479,65,onehot_group,False,False,0.0,65.0,,
S_src00479,S_src00479__lvl66,True,479,66,onehot_group,False,False,0.0,66.0,,
S_src00479,S_src00479__lvl67,True,479,67,onehot_group,False,False,0.0,67.0,,
S_src00479,S_src00479__lvl68,True,479,68,onehot_group,False,False,0.0,68.0,,
S_src00479,S_src00479__lvl69,True,479,69,onehot_group,False,False,0.0,69.0,,
S_src00479,S_src00479__lvl70,True,479,70,onehot_group,False,False,0.0,70.0,,
S_src00479,S_src00479__lvl71,True,479,71,onehot_group,False,False,0.0,71.0,,
S_src00479,S_src00479__lvl72,True,479,72,onehot_group,False,False,0.0,72.0,,
S_src00479,S_src00479__lvl73,True,479,73,onehot_group,False,False,0.0,73.0,,
S_src00479,S_src00479__lvl74,True,479,74,onehot_group,False,False,0.0,74.0,,
S_src00479,S_src00479__lvl75,True,479,75,onehot_group,False,False,0.0,75.0,,
S_src00479,S_src00479__lvl76,True,479,76,onehot_group,False,False,0.0,76.0,,
S_src00479,S_src00479__lvl77,True,479,77,onehot_group,False,False,0.0,77.0,,
S_src00479,S_src00479__lvl78,True,479,78,onehot_group,False,False,0.0,78.0,,
S_src00479,S_src00479__lvl79,True,479,79,onehot_group,False,False,0.0,79.0,,
S_src00479,S_src00479__lvl80,True,479,80,onehot_group,False,False,0.0,80.0,,
S_src00479,S_src00479__lvl81,True,479,81,onehot_group,False,False,0.0,81.0,,
S_src00479,S_src00479__lvl82,True,479,82,onehot_group,False,False,0.0,82.0,,
S_src00479,S_src00479__lvl83,True,479,83,onehot_group,False,False,0.0,83.0,,
S_src00479,S_src00479__lvl84,True,479,84,onehot_group,False,False,0.0,84.0,,
S_src00479,S_src00479__lvl85,True,479,85,onehot_group,False,False,0.0,85.0,,
S_src00479,S_src00479__lvl86,True,479,86,onehot_group,False,False,0.0,86.0,,
S_src00479,S_src00479__lvl87,True,479,87,onehot_group,False,False,0.0,87.0,,
S_src00479,S_src00479__lvl88,True,479,88,onehot_group,False,False,0.0,88.0,,
S_src00479,S_src00479__lvl89,True,479,89,onehot_group,False,False,0.0,89.0,,
S_src00479,S_src00479__lvl90,True,479,90,onehot_group,False,False,0.0,90.0,,
S_src00479,S_src00479__lvl91,True,479,91,onehot_group,False,False,0.0,91.0,,
S_src00479,S_src00479__lvl92,True,479,92,onehot_group,False,False,0.0,92.0,,
S_src00479,S_src00479__lvl93,True,479,93,onehot_group,False,False,0.0,93.0,,
S_src00479,S_src00479__lvl94,True,479,94,onehot_group,False,False,0.0,94.0,,
S_src00479,S_src00479__lvl95,True,479,95,onehot_group,False,False,0.0,95.0,,
S_src00479,S_src00479__lvl96,True,479,96,onehot_group,False,False,0.0,96.0,,
S_src00479,S_src00479__lvl97,True,479,97,onehot_group,False,False,0.0,97.0,,
S_src00479,S_src00479__lvl98,True,479,98,onehot_group,False,False,0.0,98.0,,
S_src00479,S_src00479__lvl99,True,479,99,onehot_group,False,False,0.0,99.0,,
S_src00479,S_src00479__lvl100,True,479,100,onehot_group,False,False,0.0,100.0,,
S_src00479,S_src00479__lvl101,True,479,101,onehot_group,False,False,0.0,101.0,,
S_src00479,S_src00479__lvl102,True,479,102,onehot_group,False,False,0.0,102.0,,
S_src00479,S_src00479__lvl103,True,479,103,onehot_group,False,False,0.0,103.0,,
S_src00479,S_src00479__lvl104,True,479,104,onehot_group,False,False,0.0,104.0,,
S_src00479,S_src00479__lvl105,True,479,105,onehot_group,False,False,0.0,105.0,,
S_src00479,S_src00479__lvl106,True,479,106,onehot_group,False,False,0.0,106.0,,
S_src00479,S_src00479__lvl107,True,479,107,onehot_group,False,False,0.0,107.0,,
S_src00479,S_src00479__lvl108,True,479,108,onehot_group,False,False,0.0,108.0,,
S_src00479,S_src00479__lvl109,True,479,109,onehot_group,False,False,0.0,109.0,,
S_src00479,S_src00479__lvl110,True,479,110,onehot_group,False,False,0.0,110.0,,
S_src00479,S_src00479__lvl111,True,479,111,onehot_group,False,False,0.0,111.0,,
S_src00479,S_src00479__lvl112,True,479,112,onehot_group,False,False,0.0,112.0,,
S_src00479,S_src00479__lvl113,True,479,113,onehot_group,False,False,0.0,113.0,,
S_src00479,S_src00479__lvl114,True,479,114,onehot_group,False,False,0.0,114.0,,
S_src00479,S_src00479__lvl115,True,479,115,onehot_group,False,False,0.0,115.0,,
S_src00479,S_src00479__lvl116,True,479,116,onehot_group,False,False,0.0,116.0,,
S_src00479,S_src00479__lvl117,True,479,117,onehot_group,False,False,0.0,117.0,,
S_src00479,S_src00479__lvl118,True,479,118,onehot_group,False,False,0.0,118.0,,
S_src00479,S_src00479__lvl119,True,479,119,onehot_group,False,False,0.0,119.0,,
S_src00479,S_src00479__lvl120,True,479,120,onehot_group,False,False,0.0,120.0,,
S_src00479,S_src00479__lvl121,True,479,121,onehot_group,False,False,0.0,121.0,,
S_src00479,S_src00479__lvl122,True,479,122,onehot_group,False,False,0.0,122.0,,
S_src00479,S_src00479__lvl123,True,479,123,onehot_group,False,False,0.0,123.0,,
S_src00479,S_src00479__lvl124,True,479,124,onehot_group,False,False,0.0,124.0,,
S_src00479,S_src00479__lvl125,True,479,125,onehot_group,False,False,0.0,125.0,,
S_src00479,S_src00479__lvl126,True,479,126,onehot_group,False,False,0.0,126.0,,
S_src00479,S_src00479__lvl127,True,479,127,onehot_group,False,False,0.0,127.0,,
S_src00479,S_src00479__lvl128,True,479,128,onehot_group,False,False,0.0,128.0,,
S_src00479,S_src00479__lvl129,True,479,129,onehot_group,False,False,0.0,129.0,,
S_src00479,S_src00479__lvl130,True,479,130,onehot_group,False,False,0.0,130.0,,
S_src00479,S_src00479__lvl131,True,479,131,onehot_group,False,False,0.0,131.0,,
S_src00479,S_src00479__lvl132,True,479,132,onehot_group,False,False,0.0,132.0,,
S_src00479,S_src00479__lvl133,True,479,133,onehot_group,False,False,0.0,133.0,,
S_src00479,S_src00479__lvl134,True,479,134,onehot_group,False,False,0.0,134.0,,
S_src00479,S_src00479__lvl135,True,479,135,onehot_group,False,False,0.0,135.0,,
S_src00479,S_src00479__lvl136,True,479,136,onehot_group,False,False,0.0,136.0,,
S_src00479,S_src00479__lvl137,True,479,137,onehot_group,False,False,0.0,137.0,,
S_src00479,S_src00479__lvl138,True,479,138,onehot_group,False,False,0.0,138.0,,
S_src00479,S_src00479__lvl139,True,479,139,onehot_group,False,False,0.0,139.0,,
S_src00479,S_src00479__lvl140,True,479,140,onehot_group,False,False,0.0,140.0,,
S_src00479,S_src00479__lvl141,True,479,141,onehot_group,False,False,0.0,141.0,,
S_src00479,S_src00479__lvl142,True,479,142,onehot_group,False,False,0.0,142.0,,
S_src00479,S_src00479__lvl143,True,479,143,onehot_group,False,False,0.0,143.0,,
S_src00479,S_src00479__lvl144,True,479,144,onehot_group,False,False,0.0,144.0,,
S_src00479,S_src00479__lvl145,True,479,145,onehot_group,False,False,0.0,145.0,,
S_src00479,S_src00479__lvl146,True,479,146,onehot_group,False,False,0.0,146.0,,
S_src00479,S_src00479__lvl147,True,479,147,onehot_group,False,False,0.0,147.0,,
S_src00479,S_src00479__lvl148,True,479,148,onehot_group,False,False,0.0,148.0,,
S_src00479,S_src00479__lvl149,True,479,149,onehot_group,False,False,0.0,149.0,,
S_src00479,S_src00479__lvl150,True,479,150,onehot_group,False,False,0.0,150.0,,
S_src00479,S_src00479__lvl151,True,479,151,onehot_group,False,False,0.0,151.0,,
S_src00479,S_src00479__lvl152,True,479,152,onehot_group,False,False,0.0,152.0,,
S_src00479,S_src00479__lvl153,True,479,153,onehot_group,False,False,0.0,153.0,,
S_src00479,S_src00479__lvl154,True,479,154,onehot_group,False,False,0.0,154.0,,
S_src00479,S_src00479__lvl155,True,479,155,onehot_group,False,False,0.0,155.0,,
S_src00479,S_src00479__lvl156,True,479,156,onehot_group,False,False,0.0,156.0,,
S_src00479,S_src00479__lvl157,True,479,157,onehot_group,False,False,0.0,157.0,,
S_src00479,S_src00479__lvl158,True,479,158,onehot_group,False,False,0.0,158.0,,
S_src00479,S_src00479__lvl159,True,479,159,onehot_group,False,False,0.0,159.0,,
S_src00479,S_src00479__lvl160,True,479,160,onehot_group,False,False,0.0,160.0,,
S_src00479,S_src00479__lvl161,True,479,161,onehot_group,False,False,0.0,161.0,,
S_src00479,S_src00479__lvl162,True,479,162,onehot_group,False,False,0.0,162.0,,
S_src00479,S_src00479__lvl163,True,479,163,onehot_group,False,False,0.0,163.0,,
S_src00479,S_src00479__lvl164,True,479,164,onehot_group,False,False,0.0,164.0,,
S_src00479,S_src00479__lvl165,True,479,165,onehot_group,False,False,0.0,165.0,,
S_src00479,S_src00479__lvl166,True,479,166,onehot_group,False,False,0.0,166.0,,
S_src00479,S_src00479__lvl167,True,479,167,onehot_group,False,False,0.0,167.0,,
S_src00479,S_src00479__lvl168,True,479,168,onehot_group,False,False,0.0,168.0,,
S_src00479,S_src00479__lvl169,True,479,169,onehot_group,False,False,0.0,169.0,,
S_src00479,S_src00479__lvl170,True,479,170,onehot_group,False,False,0.0,170.0,,
S_src00479,S_src00479__lvl171,True,479,171,onehot_group,False,False,0.0,171.0,,
S_src00479,S_src00479__lvl172,True,479,172,onehot_group,False,False,0.0,172.0,,
S_src00479,S_src00479__lvl173,True,479,173,onehot_group,False,False,0.0,173.0,,
S_src00479,S_src00479__lvl174,True,479,174,onehot_group,False,False,0.0,174.0,,
S_src00479,S_src00479__lvl175,True,479,175,onehot_group,False,False,0.0,175.0,,
S_src00479,S_src00479__lvl176,True,479,176,onehot_group,False,False,0.0,176.0,,
S_src00479,S_src00479__lvl177,True,479,177,onehot_group,False,False,0.0,177.0,,
S_src00479,S_src00479__lvl178,True,479,178,onehot_group,False,False,0.0,178.0,,
S_src00479,S_src00479__lvl179,True,479,179,onehot_group,False,False,0.0,179.0,,
S_src00479,S_src00479__lvl180,True,479,180,onehot_group,False,False,0.0,180.0,,
S_src00479,S_src00479__lvl181,True,479,181,onehot_group,False,False,0.0,181.0,,
S_src00479,S_src00479__lvl182,True,479,182,onehot_group,False,False,0.0,182.0,,
S_src00479,S_src00479__lvl183,True,479,183,onehot_group,False,False,0.0,183.0,,
S_src00479,S_src00479__lvl184,True,479,184,onehot_group,False,False,0.0,184.0,,
S_src00479,S_src00479__lvl185,True,479,185,onehot_group,False,False,0.0,185.0,,
S_src00479,S_src00479__lvl186,True,479,186,onehot_group,False,False,0.0,186.0,,
S_src00479,S_src00479__lvl187,True,479,187,onehot_group,False,False,0.0,187.0,,
S_src00479,S_src00479__lvl188,True,479,188,onehot_group,False,False,0.0,188.0,,
S_src00479,S_src00479__lvl189,True,479,189,onehot_group,False,False,0.0,189.0,,
S_src00479,S_src00479__lvl190,True,479,190,onehot_group,False,False,0.0,190.0,,
S_src00479,S_src00479__lvl191,True,479,191,onehot_group,False,False,0.0,191.0,,
S_src00479,S_src00479__lvl192,True,479,192,onehot_group,False,False,0.0,192.0,,
S_src00479,S_src00479__lvl193,True,479,193,onehot_group,False,False,0.0,193.0,,
S_src00479,S_src00479__lvl194,True,479,194,onehot_group,False,False,0.0,194.0,,
S_src00479,S_src00479__lvl195,True,479,195,onehot_group,False,False,0.0,195.0,,
S_src00479,S_src00479__lvl196,True,479,196,onehot_group,False,False,0.0,196.0,,
S_src00479,S_src00479__lvl197,True,479,197,onehot_group,False,False,0.0,197.0,,
S_src00479,S_src00479__lvl198,True,479,198,onehot_group,False,False,0.0,198.0,,
S_src00479,S_src00479__lvl199,True,479,199,onehot_group,False,False,0.0,199.0,,
S_src00479,S_src00479__lvl200,True,479,200,onehot_group,False,False,0.0,200.0,,
S_src00479,S_src00479__lvl201,True,479,201,onehot_group,False,False,0.0,201.0,,
S_src00479,S_src00479__lvl202,True,479,202,onehot_group,False,False,0.0,202.0,,
S_src00479,S_src00479__lvl203,True,479,203,onehot_group,False,False,0.0,203.0,,
S_src00479,S_src00479__lvl204,True,479,204,onehot_group,False,False,0.0,204.0,,
S_src00479,S_src00479__lvl205,True,479,205,onehot_group,False,False,0.0,205.0,,
S_src00479,S_src00479__lvl206,True,479,206,onehot_group,False,False,0.0,206.0,,
S_src00479,S_src00479__lvl207,True,479,207,onehot_group,False,False,0.0,207.0,,
S_src00479,S_src00479__lvl208,True,479,208,onehot_group,False,False,0.0,208.0,,
S_src00479,S_src00479__lvl209,True,479,209,onehot_group,False,False,0.0,209.0,,
S_src00479,S_src00479__lvl210,True,479,210,onehot_group,False,False,0.0,210.0,,
S_src00479,S_src00479__lvl211,True,479,211,onehot_group,False,False,0.0,211.0,,
S_src00479,S_src00479__lvl212,True,479,212,onehot_group,False,False,0.0,212.0,,
S_src00479,S_src00479__lvl213,True,479,213,onehot_group,False,False,0.0,213.0,,
S_src00479,S_src00479__lvl214,True,479,214,onehot_group,False,False,0.0,214.0,,
S_src00479,S_src00479__lvl215,True,479,215,onehot_group,False,False,0.0,215.0,,
S_src00479,S_src00479__lvl216,True,479,216,onehot_group,False,False,0.0,216.0,,
S_src00479,S_src00479__lvl217,True,479,217,onehot_group,False,False,0.0,217.0,,
S_src00479,S_src00479__lvl218,True,479,218,onehot_group,False,False,0.0,218.0,,
S_src00479,S_src00479__lvl219,True,479,219,onehot_group,False,False,0.0,219.0,,
S_src00479,S_src00479__lvl220,True,479,220,onehot_group,False,False,0.0,220.0,,
S_src00479,S_src00479__lvl221,True,479,221,onehot_group,False,False,0.0,221.0,,
S_src00479,S_src00479__lvl222,True,479,222,onehot_group,False,False,0.0,222.0,,
S_src00479,S_src00479__lvl223,True,479,223,onehot_group,False,False,0.0,223.0,,
S_src00479,S_src00479__lvl224,True,479,224,onehot_group,False,False,0.0,224.0,,
S_src00479,S_src00479__lvl225,True,479,225,onehot_group,False,False,0.0,225.0,,
S_src00479,S_src00479__lvl226,True,479,226,onehot_group,False,False,0.0,226.0,,
S_src00479,S_src00479__lvl227,True,479,227,onehot_group,False,False,0.0,227.0,,
S_src00479,S_src00479__lvl228,True,479,228,onehot_group,False,False,0.0,228.0,,
S_src00479,S_src00479__lvl229,True,479,229,onehot_group,False,False,0.0,229.0,,
S_src00479,S_src00479__lvl230,True,479,230,onehot_group,False,False,0.0,230.0,,
S_src00479,S_src00479__lvl231,True,479,231,onehot_group,False,False,0.0,231.0,,
S_src00479,S_src00479__lvl232,True,479,232,onehot_group,False,False,0.0,232.0,,
S_src00479,S_src00479__lvl233,True,479,233,onehot_group,False,False,0.0,233.0,,
S_src00479,S_src00479__lvl234,True,479,234,onehot_group,False,False,0.0,234.0,,
S_src00479,S_src00479__lvl235,True,479,235,onehot_group,False,False,0.0,235.0,,
S_src00479,S_src00479__lvl236,True,479,236,onehot_group,False,False,0.0,236.0,,
S_src00479,S_src00479__lvl237,True,479,237,onehot_group,False,False,0.0,237.0,,
S_src00479,S_src00479__lvl238,True,479,238,onehot_group,False,False,0.0,238.0,,
S_src00479,S_src00479__lvl239,True,479,239,onehot_group,False,False,0.0,239.0,,
S_src00479,S_src00479__lvl240,True,479,240,onehot_group,False,False,0.0,240.0,,
S_src00479,S_src00479__lvl241,True,479,241,onehot_group,False,False,0.0,241.0,,
S_src00479,S_src00479__lvl242,True,479,242,onehot_group,False,False,0.0,242.0,,
S_src00479,S_src00479__lvl243,True,479,243,onehot_group,False,False,0.0,243.0,,
S_src00479,S_src00479__lvl244,True,479,244,onehot_group,False,False,0.0,244.0,,
S_src00479,S_src00479__lvl245,True,479,245,onehot_group,False,False,0.0,245.0,,
S_src00479,S_src00479__lvl246,True,479,246,onehot_group,False,False,0.0,246.0,,
S_src00479,S_src00479__lvl247,True,479,247,onehot_group,False,False,0.0,247.0,,
S_src00479,S_src00479__lvl248,True,479,248,onehot_group,False,False,0.0,248.0,,
S_src00479,S_src00479__lvl249,True,479,249,onehot_group,False,False,0.0,249.0,,
S_src00479,S_src00479__lvl250,True,479,250,onehot_group,False,False,0.0,250.0,,
S_src00479,S_src00479__lvl251,True,479,251,onehot_group,False,False,0.0,251.0,,
S_src00479,S_src00479__lvl252,True,479,252,onehot_group,False,False,0.0,252.0,,
S_src00479,S_src00479__lvl253,True,479,253,onehot_group,False,False,0.0,253.0,,
S_src00479,S_src00479__lvl254,True,479,254,onehot_group,False,False,0.0,254.0,,
S_src00479,S_src00479__lvl255,True,479,255,onehot_group,False,False,0.0,255.0,,
S_src00479,S_src00479__lvl256,True,479,256,onehot_group,False,False,0.0,256.0,,
S_src00479,S_src00479__lvl257,True,479,257,onehot_group,False,False,0.0,257.0,,
S_src00479,S_src00479__lvl258,True,479,258,onehot_group,False,False,0.0,258.0,,
S_src00479,S_src00479__lvl259,True,479,259,onehot_group,False,False,0.0,259.0,,
S_src00479,S_src00479__lvl260,True,479,260,onehot_group,False,False,0.0,260.0,,
S_src00479,S_src00479__lvl261,True,479,261,onehot_group,False,False,0.0,261.0,,
S_src00479,S_src00479__lvl262,True,479,262,onehot_group,False,False,0.0,262.0,,
S_src00479,S_src00479__lvl263,True,479,263,onehot_group,False,False,0.0,263.0,,
S_src00479,S_src00479__lvl264,True,479,264,onehot_group,False,False,0.0,264.0,,
S_src00479,S_src00479__lvl265,True,479,265,onehot_group,False,False,0.0,265.0,,
S_src00479,S_src00479__lvl266,True,479,266,onehot_group,False,False,0.0,266.0,,
S_src00479,S_src00479__lvl267,True,479,267,onehot_group,False,False,0.0,267.0,,
S_src00479,S_src00479__lvl268,True,479,268,onehot_group,False,False,0.0,268.0,,
S_src00479,S_src00479__lvl269,True,479,269,onehot_group,False,False,0.0,269.0,,
S_src00479,S_src00479__lvl270,True,479,270,onehot_group,False,False,0.0,270.0,,
S_src00479,S_src00479__lvl271,True,479,271,onehot_group,False,False,0.0,271.0,,
S_src00479,S_src00479__lvl272,True,479,272,onehot_group,False,False,0.0,272.0,,
S_src00479,S_src00479__lvl273,True,479,273,onehot_group,False,False,0.0,273.0,,
S_src00479,S_src00479__lvl274,True,479,274,onehot_group,False,False,0.0,274.0,,
S_src00479,S_src00479__lvl275,True,479,275,onehot_group,False,False,0.0,275.0,,
S_src00479,S_src00479__lvl276,True,479,276,onehot_group,False,False,0.0,276.0,,
S_src00479,S_src00479__lvl277,True,479,277,onehot_group,False,False,0.0,277.0,,
S_src00479,S_src00479__lvl278,True,479,278,onehot_group,False,False,0.0,278.0,,
S_src00479,S_src00479__lvl279,True,479,279,onehot_group,False,False,0.0,279.0,,
S_src00479,S_src00479__lvl280,True,479,280,onehot_group,False,False,0.0,280.0,,
S_src00479,S_src00479__lvl281,True,479,281,onehot_group,False,False,0.0,281.0,,
S_src00479,S_src00479__lvl282,True,479,282,onehot_group,False,False,0.0,282.0,,
S_src00479,S_src00479__lvl283,True,479,283,onehot_group,False,False,0.0,283.0,,
S_src00479,S_src00479__lvl284,True,479,284,onehot_group,False,False,0.0,284.0,,
S_src00479,S_src00479__lvl285,True,479,285,onehot_group,False,False,0.0,285.0,,
S_src00479,S_src00479__lvl286,True,479,286,onehot_group,False,False,0.0,286.0,,
S_src00479,S_src00479__lvl287,True,479,287,onehot_group,False,False,0.0,287.0,,
S_src00479,S_src00479__lvl288,True,479,288,onehot_group,False,False,0.0,288.0,,
S_src00479,S_src00479__lvl289,True,479,289,onehot_group,False,False,0.0,289.0,,
S_src00479,S_src00479__lvl290,True,479,290,onehot_group,False,False,0.0,290.0,,
S_src00479,S_src00479__lvl291,True,479,291,onehot_group,False,False,0.0,291.0,,
S_src00479,S_src00479__lvl292,True,479,292,onehot_group,False,False,0.0,292.0,,
S_src00479,S_src00479__lvl293,True,479,293,onehot_group,False,False,0.0,293.0,,
S_src00479,S_src00479__lvl294,True,479,294,onehot_group,False,False,0.0,294.0,,
S_src00479,S_src00479__lvl295,True,479,295,onehot_group,False,False,0.0,295.0,,
S_src00479,S_src00479__lvl296,True,479,296,onehot_group,False,False,0.0,296.0,,
S_src00479,S_src00479__lvl297,True,479,297,onehot_group,False,False,0.0,297.0,,
S_src00479,S_src00479__lvl298,True,479,298,onehot_group,False,False,0.0,298.0,,
S_src00479,S_src00479__lvl299,True,479,299,onehot_group,False,False,0.0,299.0,,
S_src00479,S_src00479__lvl300,True,479,300,onehot_group,False,False,0.0,300.0,,
S_src00479,S_src00479__lvl301,True,479,301,onehot_group,False,False,0.0,301.0,,
S_src00479,S_src00479__lvl302,True,479,302,onehot_group,False,False,0.0,302.0,,
S_src00479,S_src00479__lvl303,True,479,303,onehot_group,False,False,0.0,303.0,,
S_src00479,S_src00479__lvl304,True,479,304,onehot_group,False,False,0.0,304.0,,
S_src00479,S_src00479__lvl305,True,479,305,onehot_group,False,False,0.0,305.0,,
S_src00479,S_src00479__lvl306,True,479,306,onehot_group,False,False,0.0,306.0,,
S_src00479,S_src00479__lvl307,True,479,307,onehot_group,False,False,0.0,307.0,,
S_src00479,S_src00479__lvl308,True,479,308,onehot_group,False,False,0.0,308.0,,
S_src00479,S_src00479__lvl309,True,479,309,onehot_group,False,False,0.0,309.0,,
S_src00479,S_src00479__lvl310,True,479,310,onehot_group,False,False,0.0,310.0,,
S_src00479,S_src00479__lvl311,True,479,311,onehot_group,False,False,0.0,311.0,,
S_src00479,S_src00479__lvl312,True,479,312,onehot_group,False,False,0.0,312.0,,
S_src00479,S_src00479__lvl313,True,479,313,onehot_group,False,False,0.0,313.0,,
S_src00479,S_src00479__lvl314,True,479,314,onehot_group,False,False,0.0,314.0,,
S_src00479,S_src00479__lvl315,True,479,315,onehot_group,False,False,0.0,315.0,,
S_src00479,S_src00479__lvl316,True,479,316,onehot_group,False,False,0.0,316.0,,
S_src00479,S_src00479__lvl317,True,479,317,onehot_group,False,False,0.0,317.0,,
S_src00479,S_src00479__lvl318,True,479,318,onehot_group,False,False,0.0,318.0,,
S_src00479,S_src00479__lvl319,True,479,319,onehot_group,False,False,0.0,319.0,,
S_src00479,S_src00479__lvl320,True,479,320,onehot_group,False,False,0.0,320.0,,
S_src00479,S_src00479__lvl321,True,479,321,onehot_group,False,False,0.0,321.0,,
S_src00479,S_src00479__lvl322,True,479,322,onehot_group,False,False,0.0,322.0,,
S_src00479,S_src00479__lvl323,True,479,323,onehot_group,False,False,0.0,323.0,,
S_src00479,S_src00479__lvl324,True,479,324,onehot_group,False,False,0.0,324.0,,
S_src00479,S_src00479__lvl325,True,479,325,onehot_group,False,False,0.0,325.0,,
S_src00479,S_src00479__lvl326,True,479,326,onehot_group,False,False,0.0,326.0,,
S_src00479,S_src00479__lvl327,True,479,327,onehot_group,False,False,0.0,327.0,,
S_src00479,S_src00479__lvl328,True,479,328,onehot_group,False,False,0.0,328.0,,
S_src00479,S_src00479__lvl329,True,479,329,onehot_group,False,False,0.0,329.0,,
S_src00479,S_src00479__lvl330,True,479,330,onehot_group,False,False,0.0,330.0,,
S_src00479,S_src00479__lvl331,True,479,331,onehot_group,False,False,0.0,331.0,,
S_src00479,S_src00479__lvl332,True,479,332,onehot_group,False,False,0.0,332.0,,
S_src00479,S_src00479__lvl333,True,479,333,onehot_group,False,False,0.0,333.0,,
S_src00479,S_src00479__lvl334,True,479,334,onehot_group,False,False,0.0,334.0,,
S_src00479,S_src00479__lvl335,True,479,335,onehot_group,False,False,0.0,335.0,,
S_src00479,S_src00479__lvl336,True,479,336,onehot_group,False,False,0.0,336.0,,
S_src00479,S_src00479__lvl337,True,479,337,onehot_group,False,False,0.0,337.0,,
S_src00479,S_src00479__lvl338,True,479,338,onehot_group,False,False,0.0,338.0,,
S_src00479,S_src00479__lvl339,True,479,339,onehot_group,False,False,0.0,339.0,,
S_src00479,S_src00479__lvl340,True,479,340,onehot_group,False,False,0.0,340.0,,
S_src00479,S_src00479__lvl341,True,479,341,onehot_group,False,False,0.0,341.0,,
S_src00479,S_src00479__lvl342,True,479,342,onehot_group,False,False,0.0,342.0,,
S_src00479,S_src00479__lvl343,True,479,343,onehot_group,False,False,0.0,343.0,,
S_src00479,S_src00479__lvl344,True,479,344,onehot_group,False,False,0.0,344.0,,
S_src00479,S_src00479__lvl345,True,479,345,onehot_group,False,False,0.0,345.0,,
S_src00479,S_src00479__lvl346,True,479,346,onehot_group,False,False,0.0,346.0,,
S_src00479,S_src00479__lvl347,True,479,347,onehot_group,False,False,0.0,347.0,,
S_src00479,S_src00479__lvl348,True,479,348,onehot_group,False,False,0.0,348.0,,
S_src00479,S_src00479__lvl349,True,479,349,onehot_group,False,False,0.0,349.0,,
S_src00479,S_src00479__lvl350,True,479,350,onehot_group,False,False,0.0,350.0,,
S_src00479,S_src00479__lvl351,True,479,351,onehot_group,False,False,0.0,351.0,,
S_src00479,S_src00479__lvl352,True,479,352,onehot_group,False,False,0.0,352.0,,
S_src00479,S_src00479__lvl353,True,479,353,onehot_group,False,False,0.0,353.0,,
S_src00479,S_src00479__lvl354,True,479,354,onehot_group,False,False,0.0,354.0,,
S_src00479,S_src00479__lvl355,True,479,355,onehot_group,False,False,0.0,355.0,,
S_src00479,S_src00479__lvl356,True,479,356,onehot_group,False,False,0.0,356.0,,
S_src00479,S_src00479__lvl357,True,479,357,onehot_group,False,False,0.0,357.0,,
S_src00479,S_src00479__lvl358,True,479,358,onehot_group,False,False,0.0,358.0,,
S_src00479,S_src00479__lvl359,True,479,359,onehot_group,False,False,0.0,359.0,,
S_src00479,S_src00479__lvl360,True,479,360,onehot_group,False,False,0.0,360.0,,
S_src00479,S_src00479__lvl361,True,479,361,onehot_group,False,False,0.0,361.0,,
S_src00479,S_src00479__lvl362,True,479,362,onehot_group,False,False,0.0,362.0,,
S_src00479,S_src00479__lvl363,True,479,363,onehot_group,False,False,0.0,363.0,,
S_src00479,S_src00479__lvl364,True,479,364,onehot_group,False,False,0.0,364.0,,
S_src00479,S_src00479__lvl365,True,479,365,onehot_group,False,False,0.0,365.0,,
S_src00479,S_src00479__lvl366,True,479,366,onehot_group,False,False,0.0,366.0,,
S_src00479,S_src00479__lvl367,True,479,367,onehot_group,False,False,0.0,367.0,,
S_src00479,S_src00479__lvl368,True,479,368,onehot_group,False,False,0.0,368.0,,
S_src00479,S_src00479__lvl369,True,479,369,onehot_group,False,False,0.0,369.0,,
S_src00479,S_src00479__lvl370,True,479,370,onehot_group,False,False,0.0,370.0,,
S_src00479,S_src00479__lvl371,True,479,371,onehot_group,False,False,0.0,371.0,,
S_src00479,S_src00479__lvl372,True,479,372,onehot_group,False,False,0.0,372.0,,
S_src00479,S_src00479__lvl373,True,479,373,onehot_group,False,False,0.0,373.0,,
S_src00479,S_src00479__lvl374,True,479,374,onehot_group,False,False,0.0,374.0,,
S_src00479,S_src00479__lvl375,True,479,375,onehot_group,False,False,0.0,375.0,,
S_src00479,S_src00479__lvl376,True,479,376,onehot_group,False,False,0.0,376.0,,
S_src00479,S_src00479__lvl377,True,479,377,onehot_group,False,False,0.0,377.0,,
S_src00479,S_src00479__lvl378,True,479,378,onehot_group,False,False,0.0,378.0,,
S_src00479,S_src00479__lvl379,True,479,379,onehot_group,False,False,0.0,379.0,,
S_src00479,S_src00479__lvl380,True,479,380,onehot_group,False,False,0.0,380.0,,
S_src00479,S_src00479__lvl381,True,479,381,onehot_group,False,False,0.0,381.0,,
S_src00479,S_src00479__lvl382,True,479,382,onehot_group,False,False,0.0,382.0,,
S_src00479,S_src00479__lvl383,True,479,383,onehot_group,False,False,0.0,383.0,,
S_src00479,S_src00479__lvl384,True,479,384,onehot_group,False,False,0.0,384.0,,
S_src00479,S_src00479__lvl385,True,479,385,onehot_group,False,False,0.0,385.0,,
S_src00479,S_src00479__lvl386,True,479,386,onehot_group,False,False,0.0,386.0,,
S_src00479,S_src00479__lvl387,True,479,387,onehot_group,False,False,0.0,387.0,,
S_src00479,S_src00479__lvl388,True,479,388,onehot_group,False,False,0.0,388.0,,
S_src00479,S_src00479__lvl389,True,479,389,onehot_group,False,False,0.0,389.0,,
S_src00479,S_src00479__lvl390,True,479,390,onehot_group,False,False,0.0,390.0,,
S_src00479,S_src00479__lvl391,True,479,391,onehot_group,False,False,0.0,391.0,,
S_src00479,S_src00479__lvl392,True,479,392,onehot_group,False,False,0.0,392.0,,
S_src00479,S_src00479__lvl393,True,479,393,onehot_group,False,False,0.0,393.0,,
S_src00479,S_src00479__lvl394,True,479,394,onehot_group,False,False,0.0,394.0,,
S_src00479,S_src00479__lvl395,True,479,395,onehot_group,False,False,0.0,395.0,,
S_src00479,S_src00479__lvl396,True,479,396,onehot_group,False,False,0.0,396.0,,
S_src00479,S_src00479__lvl397,True,479,397,onehot_group,False,False,0.0,397.0,,
S_src00479,S_src00479__lvl398,True,479,398,onehot_group,False,False,0.0,398.0,,
S_src00479,S_src00479__lvl399,True,479,399,onehot_group,False,False,0.0,399.0,,
S_src00479,S_src00479__lvl400,True,479,400,onehot_group,False,False,0.0,400.0,,
S_src00479,S_src00479__lvl401,True,479,401,onehot_group,False,False,0.0,401.0,,
S_src00479,S_src00479__lvl402,True,479,402,onehot_group,False,False,0.0,402.0,,
S_src00479,S_src00479__lvl403,True,479,403,onehot_group,False,False,0.0,403.0,,
S_src00479,S_src00479__lvl404,True,479,404,onehot_group,False,False,0.0,404.0,,
S_src00479,S_src00479__lvl405,True,479,405,onehot_group,False,False,0.0,405.0,,
S_src00479,S_src00479__lvl406,True,479,406,onehot_group,False,False,0.0,406.0,,
S_src00479,S_src00479__lvl407,True,479,407,onehot_group,False,False,0.0,407.0,,
S_src00479,S_src00479__lvl408,True,479,408,onehot_group,False,False,0.0,408.0,,
S_src00479,S_src00479__lvl409,True,479,409,onehot_group,False,False,0.0,409.0,,
S_src00479,S_src00479__lvl410,True,479,410,onehot_group,False,False,0.0,410.0,,
S_src00479,S_src00479__lvl411,True,479,411,onehot_group,False,False,0.0,411.0,,
S_src00479,S_src00479__lvl412,True,479,412,onehot_group,False,False,0.0,412.0,,
S_src00479,S_src00479__lvl413,True,479,413,onehot_group,False,False,0.0,413.0,,
S_src00479,S_src00479__lvl414,True,479,414,onehot_group,False,False,0.0,414.0,,
S_src00479,S_src00479__lvl415,True,479,415,onehot_group,False,False,0.0,415.0,,
S_src00479,S_src00479__lvl416,True,479,416,onehot_group,False,False,0.0,416.0,,
S_src00479,S_src00479__lvl417,True,479,417,onehot_group,False,False,0.0,417.0,,
S_src00479,S_src00479__lvl418,True,479,418,onehot_group,False,False,0.0,418.0,,
S_src00479,S_src00479__lvl419,True,479,419,onehot_group,False,False,0.0,419.0,,
S_src00479,S_src00479__lvl420,True,479,420,onehot_group,False,False,0.0,420.0,,
S_src00479,S_src00479__lvl421,True,479,421,onehot_group,False,False,0.0,421.0,,
S_src00479,S_src00479__lvl422,True,479,422,onehot_group,False,False,0.0,422.0,,
S_src00479,S_src00479__lvl423,True,479,423,onehot_group,False,False,0.0,423.0,,
S_src00480,S_src00480__lvl0,True,480,0,onehot_group,False,True,0.0,0.0,,
S_src00480,S_src00480__lvl1,True,480,1,onehot_group,False,False,0.0,1.0,,
S_src00480,S_src00480__lvl2,True,480,2,onehot_group,False,False,0.0,2.0,,
S_src00481,S_src00481__lvl0,True,481,0,onehot_group,False,True,0.0,0.0,,
S_src00481,S_src00481__lvl1,True,481,1,onehot_group,False,False,0.0,1.0,,
S_src00481,S_src00481__lvl2,True,481,2,onehot_group,False,False,0.0,2.0,,
S_src00481,S_src00481__lvl3,True,481,3,onehot_group,False,False,0.0,3.0,,
S_src00481,S_src00481__lvl4,True,481,4,onehot_group,False,False,0.0,4.0,,
S_src00481,S_src00481__lvl5,True,481,5,onehot_group,False,False,0.0,5.0,,
S_src00481,S_src00481__lvl6,True,481,6,onehot_group,False,False,0.0,6.0,,
S_src00481,S_src00481__lvl7,True,481,7,onehot_group,False,False,0.0,7.0,,
S_src00481,S_src00481__lvl8,True,481,8,onehot_group,False,False,0.0,8.0,,
S_src00481,S_src00481__lvl9,True,481,9,onehot_group,False,False,0.0,9.0,,
S_src00481,S_src00481__lvl10,True,481,10,onehot_group,False,False,0.0,10.0,,
S_src00481,S_src00481__lvl11,True,481,11,onehot_group,False,False,0.0,11.0,,
S_src00481,S_src00481__lvl12,True,481,12,onehot_group,False,False,0.0,12.0,,
S_src00481,S_src00481__lvl13,True,481,13,onehot_group,False,False,0.0,13.0,,
S_src00481,S_src00481__lvl14,True,481,14,onehot_group,False,False,0.0,14.0,,
S_src00481,S_src00481__lvl15,True,481,15,onehot_group,False,False,0.0,15.0,,
S_src00481,S_src00481__lvl16,True,481,16,onehot_group,False,False,0.0,16.0,,
S_src00481,S_src00481__lvl17,True,481,17,onehot_group,False,False,0.0,17.0,,
S_src00481,S_src00481__lvl18,True,481,18,onehot_group,False,False,0.0,18.0,,
S_src00481,S_src00481__lvl19,True,481,19,onehot_group,False,False,0.0,19.0,,
S_src00481,S_src00481__lvl20,True,481,20,onehot_group,False,False,0.0,20.0,,
S_src00481,S_src00481__lvl21,True,481,21,onehot_group,False,False,0.0,21.0,,
S_src00481,S_src00481__lvl22,True,481,22,onehot_group,False,False,0.0,22.0,,
S_src00481,S_src00481__lvl23,True,481,23,onehot_group,False,False,0.0,23.0,,
S_src00481,S_src00481__lvl24,True,481,24,onehot_group,False,False,0.0,24.0,,
S_src00481,S_src00481__lvl25,True,481,25,onehot_group,False,False,0.0,25.0,,
S_src00481,S_src00481__lvl26,True,481,26,onehot_group,False,False,0.0,26.0,,
S_src00481,S_src00481__lvl27,True,481,27,onehot_group,False,False,0.0,27.0,,
S_src00481,S_src00481__lvl28,True,481,28,onehot_group,False,False,0.0,28.0,,
S_src00481,S_src00481__lvl29,True,481,29,onehot_group,False,False,0.0,29.0,,
S_src00481,S_src00481__lvl30,True,481,30,onehot_group,False,False,0.0,30.0,,
S_src00481,S_src00481__lvl31,True,481,31,onehot_group,False,False,0.0,31.0,,
S_src00481,S_src00481__lvl32,True,481,32,onehot_group,False,False,0.0,32.0,,
S_src00481,S_src00481__lvl33,True,481,33,onehot_group,False,False,0.0,33.0,,
S_src00481,S_src00481__lvl34,True,481,34,onehot_group,False,False,0.0,34.0,,
S_src00481,S_src00481__lvl35,True,481,35,onehot_group,False,False,0.0,35.0,,
S_src00481,S_src00481__lvl36,True,481,36,onehot_group,False,False,0.0,36.0,,
S_src00481,S_src00481__lvl37,True,481,37,onehot_group,False,False,0.0,37.0,,
S_src00481,S_src00481__lvl38,True,481,38,onehot_group,False,False,0.0,38.0,,
S_src00481,S_src00481__lvl39,True,481,39,onehot_group,False,False,0.0,39.0,,
S_src00481,S_src00481__lvl40,True,481,40,onehot_group,False,False,0.0,40.0,,
S_src00481,S_src00481__lvl41,True,481,41,onehot_group,False,False,0.0,41.0,,
S_src00481,S_src00481__lvl42,True,481,42,onehot_group,False,False,0.0,42.0,,
S_src00481,S_src00481__lvl43,True,481,43,onehot_group,False,False,0.0,43.0,,
S_src00481,S_src00481__lvl44,True,481,44,onehot_group,False,False,0.0,44.0,,
S_src00481,S_src00481__lvl45,True,481,45,onehot_group,False,False,0.0,45.0,,
S_src00481,S_src00481__lvl46,True,481,46,onehot_group,False,False,0.0,46.0,,
S_src00481,S_src00481__lvl47,True,481,47,onehot_group,False,False,0.0,47.0,,
S_src00481,S_src00481__lvl48,True,481,48,onehot_group,False,False,0.0,48.0,,
S_src00481,S_src00481__lvl49,True,481,49,onehot_group,False,False,0.0,49.0,,
S_src00481,S_src00481__lvl50,True,481,50,onehot_group,False,False,0.0,50.0,,
S_src00481,S_src00481__lvl51,True,481,51,onehot_group,False,False,0.0,51.0,,
S_src00481,S_src00481__lvl52,True,481,52,onehot_group,False,False,0.0,52.0,,
S_src00481,S_src00481__lvl53,True,481,53,onehot_group,False,False,0.0,53.0,,
S_src00481,S_src00481__lvl54,True,481,54,onehot_group,False,False,0.0,54.0,,
S_src00481,S_src00481__lvl55,True,481,55,onehot_group,False,False,0.0,55.0,,
S_src00481,S_src00481__lvl56,True,481,56,onehot_group,False,False,0.0,56.0,,
S_src00481,S_src00481__lvl57,True,481,57,onehot_group,False,False,0.0,57.0,,
S_src00481,S_src00481__lvl58,True,481,58,onehot_group,False,False,0.0,58.0,,
S_src00481,S_src00481__lvl59,True,481,59,onehot_group,False,False,0.0,59.0,,
S_src00481,S_src00481__lvl60,True,481,60,onehot_group,False,False,0.0,60.0,,
S_src00481,S_src00481__lvl61,True,481,61,onehot_group,False,False,0.0,61.0,,
S_src00481,S_src00481__lvl62,True,481,62,onehot_group,False,False,0.0,62.0,,
S_src00481,S_src00481__lvl63,True,481,63,onehot_group,False,False,0.0,63.0,,
S_src00481,S_src00481__lvl64,True,481,64,onehot_group,False,False,0.0,64.0,,
S_src00481,S_src00481__lvl65,True,481,65,onehot_group,False,False,0.0,65.0,,
S_src00481,S_src00481__lvl66,True,481,66,onehot_group,False,False,0.0,66.0,,
S_src00481,S_src00481__lvl67,True,481,67,onehot_group,False,False,0.0,67.0,,
S_src00481,S_src00481__lvl68,True,481,68,onehot_group,False,False,0.0,68.0,,
S_src00481,S_src00481__lvl69,True,481,69,onehot_group,False,False,0.0,69.0,,
S_src00481,S_src00481__lvl70,True,481,70,onehot_group,False,False,0.0,70.0,,
S_src00481,S_src00481__lvl71,True,481,71,onehot_group,False,False,0.0,71.0,,
S_src00481,S_src00481__lvl72,True,481,72,onehot_group,False,False,0.0,72.0,,
S_src00481,S_src00481__lvl73,True,481,73,onehot_group,False,False,0.0,73.0,,
S_src00481,S_src00481__lvl74,True,481,74,onehot_group,False,False,0.0,74.0,,
S_src00481,S_src00481__lvl75,True,481,75,onehot_group,False,False,0.0,75.0,,
S_src00481,S_src00481__lvl76,True,481,76,onehot_group,False,False,0.0,76.0,,
S_src00481,S_src00481__lvl77,True,481,77,onehot_group,False,False,0.0,77.0,,
S_src00481,S_src00481__lvl78,True,481,78,onehot_group,False,False,0.0,78.0,,
S_src00481,S_src00481__lvl79,True,481,79,onehot_group,False,False,0.0,79.0,,
S_src00481,S_src00481__lvl80,True,481,80,onehot_group,False,False,0.0,80.0,,
S_src00481,S_src00481__lvl81,True,481,81,onehot_group,False,False,0.0,81.0,,
S_src00481,S_src00481__lvl82,True,481,82,onehot_group,False,False,0.0,82.0,,
S_src00481,S_src00481__lvl83,True,481,83,onehot_group,False,False,0.0,83.0,,
S_src00481,S_src00481__lvl84,True,481,84,onehot_group,False,False,0.0,84.0,,
S_src00481,S_src00481__lvl85,True,481,85,onehot_group,False,False,0.0,85.0,,
S_src00481,S_src00481__lvl86,True,481,86,onehot_group,False,False,0.0,86.0,,
S_src00481,S_src00481__lvl87,True,481,87,onehot_group,False,False,0.0,87.0,,
S_src00481,S_src00481__lvl88,True,481,88,onehot_group,False,False,0.0,88.0,,
S_src00481,S_src00481__lvl89,True,481,89,onehot_group,False,False,0.0,89.0,,
S_src00481,S_src00481__lvl90,True,481,90,onehot_group,False,False,0.0,90.0,,
S_src00481,S_src00481__lvl91,True,481,91,onehot_group,False,False,0.0,91.0,,
S_src00481,S_src00481__lvl92,True,481,92,onehot_group,False,False,0.0,92.0,,
S_src00481,S_src00481__lvl93,True,481,93,onehot_group,False,False,0.0,93.0,,
S_src00481,S_src00481__lvl94,True,481,94,onehot_group,False,False,0.0,94.0,,
S_src00481,S_src00481__lvl95,True,481,95,onehot_group,False,False,0.0,95.0,,
S_src00481,S_src00481__lvl96,True,481,96,onehot_group,False,False,0.0,96.0,,
S_src00481,S_src00481__lvl97,True,481,97,onehot_group,False,False,0.0,97.0,,
S_src00481,S_src00481__lvl98,True,481,98,onehot_group,False,False,0.0,98.0,,
S_src00481,S_src00481__lvl99,True,481,99,onehot_group,False,False,0.0,99.0,,
S_src00481,S_src00481__lvl100,True,481,100,onehot_group,False,False,0.0,100.0,,
S_src00481,S_src00481__lvl101,True,481,101,onehot_group,False,False,0.0,101.0,,
S_src00481,S_src00481__lvl102,True,481,102,onehot_group,False,False,0.0,102.0,,
S_src00481,S_src00481__lvl103,True,481,103,onehot_group,False,False,0.0,103.0,,
S_src00481,S_src00481__lvl104,True,481,104,onehot_group,False,False,0.0,104.0,,
S_src00481,S_src00481__lvl105,True,481,105,onehot_group,False,False,0.0,105.0,,
S_src00481,S_src00481__lvl106,True,481,106,onehot_group,False,False,0.0,106.0,,
S_src00481,S_src00481__lvl107,True,481,107,onehot_group,False,False,0.0,107.0,,
S_src00481,S_src00481__lvl108,True,481,108,onehot_group,False,False,0.0,108.0,,
S_src00481,S_src00481__lvl109,True,481,109,onehot_group,False,False,0.0,109.0,,
S_src00481,S_src00481__lvl110,True,481,110,onehot_group,False,False,0.0,110.0,,
S_src00481,S_src00481__lvl111,True,481,111,onehot_group,False,False,0.0,111.0,,
S_src00481,S_src00481__lvl112,True,481,112,onehot_group,False,False,0.0,112.0,,
S_src00481,S_src00481__lvl113,True,481,113,onehot_group,False,False,0.0,113.0,,
S_src00481,S_src00481__lvl114,True,481,114,onehot_group,False,False,0.0,114.0,,
S_src00481,S_src00481__lvl115,True,481,115,onehot_group,False,False,0.0,115.0,,
S_src00481,S_src00481__lvl116,True,481,116,onehot_group,False,False,0.0,116.0,,
S_src00481,S_src00481__lvl117,True,481,117,onehot_group,False,False,0.0,117.0,,
S_src00481,S_src00481__lvl118,True,481,118,onehot_group,False,False,0.0,118.0,,
S_src00481,S_src00481__lvl119,True,481,119,onehot_group,False,False,0.0,119.0,,
S_src00481,S_src00481__lvl120,True,481,120,onehot_group,False,False,0.0,120.0,,
S_src00481,S_src00481__lvl121,True,481,121,onehot_group,False,False,0.0,121.0,,
S_src00481,S_src00481__lvl122,True,481,122,onehot_group,False,False,0.0,122.0,,
S_src00481,S_src00481__lvl123,True,481,123,onehot_group,False,False,0.0,123.0,,
S_src00481,S_src00481__lvl124,True,481,124,onehot_group,False,False,0.0,124.0,,
S_src00481,S_src00481__lvl125,True,481,125,onehot_group,False,False,0.0,125.0,,
S_src00481,S_src00481__lvl126,True,481,126,onehot_group,False,False,0.0,126.0,,
S_src00481,S_src00481__lvl127,True,481,127,onehot_group,False,False,0.0,127.0,,
S_src00481,S_src00481__lvl128,True,481,128,onehot_group,False,False,0.0,128.0,,
S_src00481,S_src00481__lvl129,True,481,129,onehot_group,False,False,0.0,129.0,,
S_src00481,S_src00481__lvl130,True,481,130,onehot_group,False,False,0.0,130.0,,
S_src00481,S_src00481__lvl131,True,481,131,onehot_group,False,False,0.0,131.0,,
S_src00481,S_src00481__lvl132,True,481,132,onehot_group,False,False,0.0,132.0,,
S_src00481,S_src00481__lvl133,True,481,133,onehot_group,False,False,0.0,133.0,,
S_src00481,S_src00481__lvl134,True,481,134,onehot_group,False,False,0.0,134.0,,
S_src00481,S_src00481__lvl135,True,481,135,onehot_group,False,False,0.0,135.0,,
S_src00481,S_src00481__lvl136,True,481,136,onehot_group,False,False,0.0,136.0,,
S_src00481,S_src00481__lvl137,True,481,137,onehot_group,False,False,0.0,137.0,,
S_src00481,S_src00481__lvl138,True,481,138,onehot_group,False,False,0.0,138.0,,
S_src00481,S_src00481__lvl139,True,481,139,onehot_group,False,False,0.0,139.0,,
S_src00481,S_src00481__lvl140,True,481,140,onehot_group,False,False,0.0,140.0,,
S_src00481,S_src00481__lvl141,True,481,141,onehot_group,False,False,0.0,141.0,,
S_src00481,S_src00481__lvl142,True,481,142,onehot_group,False,False,0.0,142.0,,
S_src00481,S_src00481__lvl143,True,481,143,onehot_group,False,False,0.0,143.0,,
S_src00481,S_src00481__lvl144,True,481,144,onehot_group,False,False,0.0,144.0,,
S_src00481,S_src00481__lvl145,True,481,145,onehot_group,False,False,0.0,145.0,,
S_src00481,S_src00481__lvl146,True,481,146,onehot_group,False,False,0.0,146.0,,
S_src00481,S_src00481__lvl147,True,481,147,onehot_group,False,False,0.0,147.0,,
S_src00481,S_src00481__lvl148,True,481,148,onehot_group,False,False,0.0,148.0,,
S_src00481,S_src00481__lvl149,True,481,149,onehot_group,False,False,0.0,149.0,,
S_src00481,S_src00481__lvl150,True,481,150,onehot_group,False,False,0.0,150.0,,
S_src00481,S_src00481__lvl151,True,481,151,onehot_group,False,False,0.0,151.0,,
S_src00481,S_src00481__lvl152,True,481,152,onehot_group,False,False,0.0,152.0,,
S_src00481,S_src00481__lvl153,True,481,153,onehot_group,False,False,0.0,153.0,,
S_src00481,S_src00481__lvl154,True,481,154,onehot_group,False,False,0.0,154.0,,
S_src00481,S_src00481__lvl155,True,481,155,onehot_group,False,False,0.0,155.0,,
S_src00481,S_src00481__lvl156,True,481,156,onehot_group,False,False,0.0,156.0,,
S_src00481,S_src00481__lvl157,True,481,157,onehot_group,False,False,0.0,157.0,,
S_src00481,S_src00481__lvl158,True,481,158,onehot_group,False,False,0.0,158.0,,
S_src00481,S_src00481__lvl159,True,481,159,onehot_group,False,False,0.0,159.0,,
S_src00481,S_src00481__lvl160,True,481,160,onehot_group,False,False,0.0,160.0,,
S_src00481,S_src00481__lvl161,True,481,161,onehot_group,False,False,0.0,161.0,,
S_src00481,S_src00481__lvl162,True,481,162,onehot_group,False,False,0.0,162.0,,
S_src00481,S_src00481__lvl163,True,481,163,onehot_group,False,False,0.0,163.0,,
S_src00481,S_src00481__lvl164,True,481,164,onehot_group,False,False,0.0,164.0,,
S_src00481,S_src00481__lvl165,True,481,165,onehot_group,False,False,0.0,165.0,,
S_src00481,S_src00481__lvl166,True,481,166,onehot_group,False,False,0.0,166.0,,
S_src00481,S_src00481__lvl167,True,481,167,onehot_group,False,False,0.0,167.0,,
S_src00481,S_src00481__lvl168,True,481,168,onehot_group,False,False,0.0,168.0,,
S_src00481,S_src00481__lvl169,True,481,169,onehot_group,False,False,0.0,169.0,,
S_src00481,S_src00481__lvl170,True,481,170,onehot_group,False,False,0.0,170.0,,
S_src00481,S_src00481__lvl171,True,481,171,onehot_group,False,False,0.0,171.0,,
S_src00481,S_src00481__lvl172,True,481,172,onehot_group,False,False,0.0,172.0,,
S_src00481,S_src00481__lvl173,True,481,173,onehot_group,False,False,0.0,173.0,,
S_src00481,S_src00481__lvl174,True,481,174,onehot_group,False,False,0.0,174.0,,
S_src00481,S_src00481__lvl175,True,481,175,onehot_group,False,False,0.0,175.0,,
S_src00481,S_src00481__lvl176,True,481,176,onehot_group,False,False,0.0,176.0,,
S_src00481,S_src00481__lvl177,True,481,177,onehot_group,False,False,0.0,177.0,,
S_src00481,S_src00481__lvl178,True,481,178,onehot_group,False,False,0.0,178.0,,
S_src00481,S_src00481__lvl179,True,481,179,onehot_group,False,False,0.0,179.0,,
S_src00481,S_src00481__lvl180,True,481,180,onehot_group,False,False,0.0,180.0,,
S_src00481,S_src00481__lvl181,True,481,181,onehot_group,False,False,0.0,181.0,,
S_src00481,S_src00481__lvl182,True,481,182,onehot_group,False,False,0.0,182.0,,
S_src00481,S_src00481__lvl183,True,481,183,onehot_group,False,False,0.0,183.0,,
S_src00481,S_src00481__lvl184,True,481,184,onehot_group,False,False,0.0,184.0,,
S_src00481,S_src00481__lvl185,True,481,185,onehot_group,False,False,0.0,185.0,,
S_src00481,S_src00481__lvl186,True,481,186,onehot_group,False,False,0.0,186.0,,
S_src00481,S_src00481__lvl187,True,481,187,onehot_group,False,False,0.0,187.0,,
S_src00481,S_src00481__lvl188,True,481,188,onehot_group,False,False,0.0,188.0,,
S_src00481,S_src00481__lvl189,True,481,189,onehot_group,False,False,0.0,189.0,,
S_src00481,S_src00481__lvl190,True,481,190,onehot_group,False,False,0.0,190.0,,
S_src00481,S_src00481__lvl191,True,481,191,onehot_group,False,False,0.0,191.0,,
S_src00481,S_src00481__lvl192,True,481,192,onehot_group,False,False,0.0,192.0,,
S_src00481,S_src00481__lvl193,True,481,193,onehot_group,False,False,0.0,193.0,,
S_src00481,S_src00481__lvl194,True,481,194,onehot_group,False,False,0.0,194.0,,
S_src00481,S_src00481__lvl195,True,481,195,onehot_group,False,False,0.0,195.0,,
S_src00481,S_src00481__lvl196,True,481,196,onehot_group,False,False,0.0,196.0,,
S_src00481,S_src00481__lvl197,True,481,197,onehot_group,False,False,0.0,197.0,,
S_src00481,S_src00481__lvl198,True,481,198,onehot_group,False,False,0.0,198.0,,
S_src00481,S_src00481__lvl199,True,481,199,onehot_group,False,False,0.0,199.0,,
S_src00481,S_src00481__lvl200,True,481,200,onehot_group,False,False,0.0,200.0,,
S_src00481,S_src00481__lvl201,True,481,201,onehot_group,False,False,0.0,201.0,,
S_src00481,S_src00481__lvl202,True,481,202,onehot_group,False,False,0.0,202.0,,
S_src00481,S_src00481__lvl203,True,481,203,onehot_group,False,False,0.0,203.0,,
S_src00481,S_src00481__lvl204,True,481,204,onehot_group,False,False,0.0,204.0,,
S_src00481,S_src00481__lvl205,True,481,205,onehot_group,False,False,0.0,205.0,,
S_src00481,S_src00481__lvl206,True,481,206,onehot_group,False,False,0.0,206.0,,
S_src00481,S_src00481__lvl207,True,481,207,onehot_group,False,False,0.0,207.0,,
S_src00481,S_src00481__lvl208,True,481,208,onehot_group,False,False,0.0,208.0,,
S_src00481,S_src00481__lvl209,True,481,209,onehot_group,False,False,0.0,209.0,,
S_src00481,S_src00481__lvl210,True,481,210,onehot_group,False,False,0.0,210.0,,
S_src00481,S_src00481__lvl211,True,481,211,onehot_group,False,False,0.0,211.0,,
S_src00481,S_src00481__lvl212,True,481,212,onehot_group,False,False,0.0,212.0,,
S_src00481,S_src00481__lvl213,True,481,213,onehot_group,False,False,0.0,213.0,,
S_src00481,S_src00481__lvl214,True,481,214,onehot_group,False,False,0.0,214.0,,
S_src00481,S_src00481__lvl215,True,481,215,onehot_group,False,False,0.0,215.0,,
S_src00481,S_src00481__lvl216,True,481,216,onehot_group,False,False,0.0,216.0,,
S_src00481,S_src00481__lvl217,True,481,217,onehot_group,False,False,0.0,217.0,,
S_src00481,S_src00481__lvl218,True,481,218,onehot_group,False,False,0.0,218.0,,
S_src00481,S_src00481__lvl219,True,481,219,onehot_group,False,False,0.0,219.0,,
S_src00481,S_src00481__lvl220,True,481,220,onehot_group,False,False,0.0,220.0,,
S_src00481,S_src00481__lvl221,True,481,221,onehot_group,False,False,0.0,221.0,,
S_src00481,S_src00481__lvl222,True,481,222,onehot_group,False,False,0.0,222.0,,
S_src00481,S_src00481__lvl223,True,481,223,onehot_group,False,False,0.0,223.0,,
S_src00481,S_src00481__lvl224,True,481,224,onehot_group,False,False,0.0,224.0,,
S_src00481,S_src00481__lvl225,True,481,225,onehot_group,False,False,0.0,225.0,,
S_src00481,S_src00481__lvl226,True,481,226,onehot_group,False,False,0.0,226.0,,
S_src00481,S_src00481__lvl227,True,481,227,onehot_group,False,False,0.0,227.0,,
S_src00481,S_src00481__lvl228,True,481,228,onehot_group,False,False,0.0,228.0,,
S_src00481,S_src00481__lvl229,True,481,229,onehot_group,False,False,0.0,229.0,,
S_src00481,S_src00481__lvl230,True,481,230,onehot_group,False,False,0.0,230.0,,
S_src00481,S_src00481__lvl231,True,481,231,onehot_group,False,False,0.0,231.0,,
S_src00481,S_src00481__lvl232,True,481,232,onehot_group,False,False,0.0,232.0,,
S_src00481,S_src00481__lvl233,True,481,233,onehot_group,False,False,0.0,233.0,,
S_src00481,S_src00481__lvl234,True,481,234,onehot_group,False,False,0.0,234.0,,
S_src00481,S_src00481__lvl235,True,481,235,onehot_group,False,False,0.0,235.0,,
S_src00481,S_src00481__lvl236,True,481,236,onehot_group,False,False,0.0,236.0,,
S_src00481,S_src00481__lvl237,True,481,237,onehot_group,False,False,0.0,237.0,,
S_src00481,S_src00481__lvl238,True,481,238,onehot_group,False,False,0.0,238.0,,
S_src00481,S_src00481__lvl239,True,481,239,onehot_group,False,False,0.0,239.0,,
S_src00481,S_src00481__lvl240,True,481,240,onehot_group,False,False,0.0,240.0,,
S_src00481,S_src00481__lvl241,True,481,241,onehot_group,False,False,0.0,241.0,,
S_src00481,S_src00481__lvl242,True,481,242,onehot_group,False,False,0.0,242.0,,
S_src00481,S_src00481__lvl243,True,481,243,onehot_group,False,False,0.0,243.0,,
S_src00481,S_src00481__lvl244,True,481,244,onehot_group,False,False,0.0,244.0,,
S_src00481,S_src00481__lvl245,True,481,245,onehot_group,False,False,0.0,245.0,,
S_src00481,S_src00481__lvl246,True,481,246,onehot_group,False,False,0.0,246.0,,
S_src00481,S_src00481__lvl247,True,481,247,onehot_group,False,False,0.0,247.0,,
S_src00481,S_src00481__lvl248,True,481,248,onehot_group,False,False,0.0,248.0,,
S_src00481,S_src00481__lvl249,True,481,249,onehot_group,False,False,0.0,249.0,,
S_src00481,S_src00481__lvl250,True,481,250,onehot_group,False,False,0.0,250.0,,
S_src00481,S_src00481__lvl251,True,481,251,onehot_group,False,False,0.0,251.0,,
S_src00481,S_src00481__lvl252,True,481,252,onehot_group,False,False,0.0,252.0,,
S_src00481,S_src00481__lvl253,True,481,253,onehot_group,False,False,0.0,253.0,,
S_src00481,S_src00481__lvl254,True,481,254,onehot_group,False,False,0.0,254.0,,
S_src00481,S_src00481__lvl255,True,481,255,onehot_group,False,False,0.0,255.0,,
S_src00481,S_src00481__lvl256,True,481,256,onehot_group,False,False,0.0,256.0,,
S_src00481,S_src00481__lvl257,True,481,257,onehot_group,False,False,0.0,257.0,,
S_src00481,S_src00481__lvl258,True,481,258,onehot_group,False,False,0.0,258.0,,
S_src00481,S_src00481__lvl259,True,481,259,onehot_group,False,False,0.0,259.0,,
S_src00481,S_src00481__lvl260,True,481,260,onehot_group,False,False,0.0,260.0,,
S_src00481,S_src00481__lvl261,True,481,261,onehot_group,False,False,0.0,261.0,,
S_src00481,S_src00481__lvl262,True,481,262,onehot_group,False,False,0.0,262.0,,
S_src00481,S_src00481__lvl263,True,481,263,onehot_group,False,False,0.0,263.0,,
S_src00481,S_src00481__lvl264,True,481,264,onehot_group,False,False,0.0,264.0,,
S_src00481,S_src00481__lvl265,True,481,265,onehot_group,False,False,0.0,265.0,,
S_src00481,S_src00481__lvl266,True,481,266,onehot_group,False,False,0.0,266.0,,
S_src00481,S_src00481__lvl267,True,481,267,onehot_group,False,False,0.0,267.0,,
S_src00481,S_src00481__lvl268,True,481,268,onehot_group,False,False,0.0,268.0,,
S_src00481,S_src00481__lvl269,True,481,269,onehot_group,False,False,0.0,269.0,,
S_src00481,S_src00481__lvl270,True,481,270,onehot_group,False,False,0.0,270.0,,
S_src00481,S_src00481__lvl271,True,481,271,onehot_group,False,False,0.0,271.0,,
S_src00481,S_src00481__lvl272,True,481,272,onehot_group,False,False,0.0,272.0,,
S_src00481,S_src00481__lvl273,True,481,273,onehot_group,False,False,0.0,273.0,,
S_src00481,S_src00481__lvl274,True,481,274,onehot_group,False,False,0.0,274.0,,
S_src00481,S_src00481__lvl275,True,481,275,onehot_group,False,False,0.0,275.0,,
S_src00481,S_src00481__lvl276,True,481,276,onehot_group,False,False,0.0,276.0,,
S_src00481,S_src00481__lvl277,True,481,277,onehot_group,False,False,0.0,277.0,,
S_src00481,S_src00481__lvl278,True,481,278,onehot_group,False,False,0.0,278.0,,
S_src00481,S_src00481__lvl279,True,481,279,onehot_group,False,False,0.0,279.0,,
S_src00481,S_src00481__lvl280,True,481,280,onehot_group,False,False,0.0,280.0,,
S_src00481,S_src00481__lvl281,True,481,281,onehot_group,False,False,0.0,281.0,,
S_src00481,S_src00481__lvl282,True,481,282,onehot_group,False,False,0.0,282.0,,
S_src00481,S_src00481__lvl283,True,481,283,onehot_group,False,False,0.0,283.0,,
S_src00481,S_src00481__lvl284,True,481,284,onehot_group,False,False,0.0,284.0,,
S_src00481,S_src00481__lvl285,True,481,285,onehot_group,False,False,0.0,285.0,,
S_src00481,S_src00481__lvl286,True,481,286,onehot_group,False,False,0.0,286.0,,
S_src00481,S_src00481__lvl287,True,481,287,onehot_group,False,False,0.0,287.0,,
S_src00481,S_src00481__lvl288,True,481,288,onehot_group,False,False,0.0,288.0,,
S_src00481,S_src00481__lvl289,True,481,289,onehot_group,False,False,0.0,289.0,,
S_src00481,S_src00481__lvl290,True,481,290,onehot_group,False,False,0.0,290.0,,
S_src00481,S_src00481__lvl291,True,481,291,onehot_group,False,False,0.0,291.0,,
S_src00481,S_src00481__lvl292,True,481,292,onehot_group,False,False,0.0,292.0,,
S_src00481,S_src00481__lvl293,True,481,293,onehot_group,False,False,0.0,293.0,,
S_src00481,S_src00481__lvl294,True,481,294,onehot_group,False,False,0.0,294.0,,
S_src00481,S_src00481__lvl295,True,481,295,onehot_group,False,False,0.0,295.0,,
S_src00481,S_src00481__lvl296,True,481,296,onehot_group,False,False,0.0,296.0,,
S_src00481,S_src00481__lvl297,True,481,297,onehot_group,False,False,0.0,297.0,,
S_src00481,S_src00481__lvl298,True,481,298,onehot_group,False,False,0.0,298.0,,
S_src00481,S_src00481__lvl299,True,481,299,onehot_group,False,False,0.0,299.0,,
S_src00481,S_src00481__lvl300,True,481,300,onehot_group,False,False,0.0,300.0,,
S_src00481,S_src00481__lvl301,True,481,301,onehot_group,False,False,0.0,301.0,,
S_src00481,S_src00481__lvl302,True,481,302,onehot_group,False,False,0.0,302.0,,
S_src00481,S_src00481__lvl303,True,481,303,onehot_group,False,False,0.0,303.0,,
S_src00481,S_src00481__lvl304,True,481,304,onehot_group,False,False,0.0,304.0,,
S_src00481,S_src00481__lvl305,True,481,305,onehot_group,False,False,0.0,305.0,,
S_src00481,S_src00481__lvl306,True,481,306,onehot_group,False,False,0.0,306.0,,
S_src00481,S_src00481__lvl307,True,481,307,onehot_group,False,False,0.0,307.0,,
S_src00481,S_src00481__lvl308,True,481,308,onehot_group,False,False,0.0,308.0,,
S_src00481,S_src00481__lvl309,True,481,309,onehot_group,False,False,0.0,309.0,,
S_src00481,S_src00481__lvl310,True,481,310,onehot_group,False,False,0.0,310.0,,
S_src00481,S_src00481__lvl311,True,481,311,onehot_group,False,False,0.0,311.0,,
S_src00481,S_src00481__lvl312,True,481,312,onehot_group,False,False,0.0,312.0,,
S_src00481,S_src00481__lvl313,True,481,313,onehot_group,False,False,0.0,313.0,,
S_src00481,S_src00481__lvl314,True,481,314,onehot_group,False,False,0.0,314.0,,
S_src00481,S_src00481__lvl315,True,481,315,onehot_group,False,False,0.0,315.0,,
S_src00481,S_src00481__lvl316,True,481,316,onehot_group,False,False,0.0,316.0,,
S_src00481,S_src00481__lvl317,True,481,317,onehot_group,False,False,0.0,317.0,,
S_src00481,S_src00481__lvl318,True,481,318,onehot_group,False,False,0.0,318.0,,
S_src00481,S_src00481__lvl319,True,481,319,onehot_group,False,False,0.0,319.0,,
S_src00481,S_src00481__lvl320,True,481,320,onehot_group,False,False,0.0,320.0,,
S_src00481,S_src00481__lvl321,True,481,321,onehot_group,False,False,0.0,321.0,,
S_src00481,S_src00481__lvl322,True,481,322,onehot_group,False,False,0.0,322.0,,
S_src00481,S_src00481__lvl323,True,481,323,onehot_group,False,False,0.0,323.0,,
S_src00481,S_src00481__lvl324,True,481,324,onehot_group,False,False,0.0,324.0,,
S_src00481,S_src00481__lvl325,True,481,325,onehot_group,False,False,0.0,325.0,,
S_src00481,S_src00481__lvl326,True,481,326,onehot_group,False,False,0.0,326.0,,
S_src00481,S_src00481__lvl327,True,481,327,onehot_group,False,False,0.0,327.0,,
S_src00481,S_src00481__lvl328,True,481,328,onehot_group,False,False,0.0,328.0,,
S_src00481,S_src00481__lvl329,True,481,329,onehot_group,False,False,0.0,329.0,,
S_src00481,S_src00481__lvl330,True,481,330,onehot_group,False,False,0.0,330.0,,
S_src00481,S_src00481__lvl331,True,481,331,onehot_group,False,False,0.0,331.0,,
S_src00481,S_src00481__lvl332,True,481,332,onehot_group,False,False,0.0,332.0,,
S_src00481,S_src00481__lvl333,True,481,333,onehot_group,False,False,0.0,333.0,,
S_src00481,S_src00481__lvl334,True,481,334,onehot_group,False,False,0.0,334.0,,
S_src00481,S_src00481__lvl335,True,481,335,onehot_group,False,False,0.0,335.0,,
S_src00481,S_src00481__lvl336,True,481,336,onehot_group,False,False,0.0,336.0,,
S_src00481,S_src00481__lvl337,True,481,337,onehot_group,False,False,0.0,337.0,,
S_src00481,S_src00481__lvl338,True,481,338,onehot_group,False,False,0.0,338.0,,
S_src00481,S_src00481__lvl339,True,481,339,onehot_group,False,False,0.0,339.0,,
S_src00481,S_src00481__lvl340,True,481,340,onehot_group,False,False,0.0,340.0,,
S_src00481,S_src00481__lvl341,True,481,341,onehot_group,False,False,0.0,341.0,,
S_src00481,S_src00481__lvl342,True,481,342,onehot_group,False,False,0.0,342.0,,
S_src00481,S_src00481__lvl343,True,481,343,onehot_group,False,False,0.0,343.0,,
S_src00481,S_src00481__lvl344,True,481,344,onehot_group,False,False,0.0,344.0,,
S_src00481,S_src00481__lvl345,True,481,345,onehot_group,False,False,0.0,345.0,,
S_src00481,S_src00481__lvl346,True,481,346,onehot_group,False,False,0.0,346.0,,
S_src00481,S_src00481__lvl347,True,481,347,onehot_group,False,False,0.0,347.0,,
S_src00481,S_src00481__lvl348,True,481,348,onehot_group,False,False,0.0,348.0,,
S_src00481,S_src00481__lvl349,True,481,349,onehot_group,False,False,0.0,349.0,,
S_src00481,S_src00481__lvl350,True,481,350,onehot_group,False,False,0.0,350.0,,
S_src00481,S_src00481__lvl351,True,481,351,onehot_group,False,False,0.0,351.0,,
S_src00481,S_src00481__lvl352,True,481,352,onehot_group,False,False,0.0,352.0,,
S_src00481,S_src00481__lvl353,True,481,353,onehot_group,False,False,0.0,353.0,,
S_src00481,S_src00481__lvl354,True,481,354,onehot_group,False,False,0.0,354.0,,
S_src00481,S_src00481__lvl355,True,481,355,onehot_group,False,False,0.0,355.0,,
S_src00481,S_src00481__lvl356,True,481,356,onehot_group,False,False,0.0,356.0,,
S_src00481,S_src00481__lvl357,True,481,357,onehot_group,False,False,0.0,357.0,,
S_src00481,S_src00481__lvl358,True,481,358,onehot_group,False,False,0.0,358.0,,
S_src00481,S_src00481__lvl359,True,481,359,onehot_group,False,False,0.0,359.0,,
S_src00481,S_src00481__lvl360,True,481,360,onehot_group,False,False,0.0,360.0,,
S_src00481,S_src00481__lvl361,True,481,361,onehot_group,False,False,0.0,361.0,,
S_src00481,S_src00481__lvl362,True,481,362,onehot_group,False,False,0.0,362.0,,
S_src00481,S_src00481__lvl363,True,481,363,onehot_group,False,False,0.0,363.0,,
S_src00481,S_src00481__lvl364,True,481,364,onehot_group,False,False,0.0,364.0,,
S_src00481,S_src00481__lvl365,True,481,365,onehot_group,False,False,0.0,365.0,,
S_src00481,S_src00481__lvl366,True,481,366,onehot_group,False,False,0.0,366.0,,
S_src00481,S_src00481__lvl367,True,481,367,onehot_group,False,False,0.0,367.0,,
S_src00481,S_src00481__lvl368,True,481,368,onehot_group,False,False,0.0,368.0,,
S_src00481,S_src00481__lvl369,True,481,369,onehot_group,False,False,0.0,369.0,,
S_src00481,S_src00481__lvl370,True,481,370,onehot_group,False,False,0.0,370.0,,
S_src00481,S_src00481__lvl371,True,481,371,onehot_group,False,False,0.0,371.0,,
S_src00481,S_src00481__lvl372,True,481,372,onehot_group,False,False,0.0,372.0,,
S_src00481,S_src00481__lvl373,True,481,373,onehot_group,False,False,0.0,373.0,,
S_src00481,S_src00481__lvl374,True,481,374,onehot_group,False,False,0.0,374.0,,
S_src00481,S_src00481__lvl375,True,481,375,onehot_group,False,False,0.0,375.0,,
S_src00481,S_src00481__lvl376,True,481,376,onehot_group,False,False,0.0,376.0,,
S_src00481,S_src00481__lvl377,True,481,377,onehot_group,False,False,0.0,377.0,,
S_src00481,S_src00481__lvl378,True,481,378,onehot_group,False,False,0.0,378.0,,
S_src00481,S_src00481__lvl379,True,481,379,onehot_group,False,False,0.0,379.0,,
S_src00481,S_src00481__lvl380,True,481,380,onehot_group,False,False,0.0,380.0,,
S_src00481,S_src00481__lvl381,True,481,381,onehot_group,False,False,0.0,381.0,,
S_src00481,S_src00481__lvl382,True,481,382,onehot_group,False,False,0.0,382.0,,
S_src00481,S_src00481__lvl383,True,481,383,onehot_group,False,False,0.0,383.0,,
S_src00481,S_src00481__lvl384,True,481,384,onehot_group,False,False,0.0,384.0,,
S_src00481,S_src00481__lvl385,True,481,385,onehot_group,False,False,0.0,385.0,,
S_src00481,S_src00481__lvl386,True,481,386,onehot_group,False,False,0.0,386.0,,
S_src00481,S_src00481__lvl387,True,481,387,onehot_group,False,False,0.0,387.0,,
S_src00481,S_src00481__lvl388,True,481,388,onehot_group,False,False,0.0,388.0,,
S_src00481,S_src00481__lvl389,True,481,389,onehot_group,False,False,0.0,389.0,,
S_src00481,S_src00481__lvl390,True,481,390,onehot_group,False,False,0.0,390.0,,
S_src00481,S_src00481__lvl391,True,481,391,onehot_group,False,False,0.0,391.0,,
S_src00481,S_src00481__lvl392,True,481,392,onehot_group,False,False,0.0,392.0,,
S_src00481,S_src00481__lvl393,True,481,393,onehot_group,False,False,0.0,393.0,,
S_src00481,S_src00481__lvl394,True,481,394,onehot_group,False,False,0.0,394.0,,
S_src00481,S_src00481__lvl395,True,481,395,onehot_group,False,False,0.0,395.0,,
S_src00481,S_src00481__lvl396,True,481,396,onehot_group,False,False,0.0,396.0,,
S_src00481,S_src00481__lvl397,True,481,397,onehot_group,False,False,0.0,397.0,,
S_src00481,S_src00481__lvl398,True,481,398,onehot_group,False,False,0.0,398.0,,
S_src00481,S_src00481__lvl399,True,481,399,onehot_group,False,False,0.0,399.0,,
S_src00481,S_src00481__lvl400,True,481,400,onehot_group,False,False,0.0,400.0,,
S_src00481,S_src00481__lvl401,True,481,401,onehot_group,False,False,0.0,401.0,,
S_src00481,S_src00481__lvl402,True,481,402,onehot_group,False,False,0.0,402.0,,
S_src00481,S_src00481__lvl403,True,481,403,onehot_group,False,False,0.0,403.0,,
S_src00481,S_src00481__lvl404,True,481,404,onehot_group,False,False,0.0,404.0,,
S_src00481,S_src00481__lvl405,True,481,405,onehot_group,False,False,0.0,405.0,,
S_src00481,S_src00481__lvl406,True,481,406,onehot_group,False,False,0.0,406.0,,
S_src00481,S_src00481__lvl407,True,481,407,onehot_group,False,False,0.0,407.0,,
S_src00481,S_src00481__lvl408,True,481,408,onehot_group,False,False,0.0,408.0,,
S_src00481,S_src00481__lvl409,True,481,409,onehot_group,False,False,0.0,409.0,,
S_src00481,S_src00481__lvl410,True,481,410,onehot_group,False,False,0.0,410.0,,
S_src00481,S_src00481__lvl411,True,481,411,onehot_group,False,False,0.0,411.0,,
S_src00481,S_src00481__lvl412,True,481,412,onehot_group,False,False,0.0,412.0,,
S_src00481,S_src00481__lvl413,True,481,413,onehot_group,False,False,0.0,413.0,,
S_src00481,S_src00481__lvl414,True,481,414,onehot_group,False,False,0.0,414.0,,
S_src00481,S_src00481__lvl415,True,481,415,onehot_group,False,False,0.0,415.0,,
S_src00481,S_src00481__lvl416,True,481,416,onehot_group,False,False,0.0,416.0,,
S_src00481,S_src00481__lvl417,True,481,417,onehot_group,False,False,0.0,417.0,,
S_src00481,S_src00481__lvl418,True,481,418,onehot_group,False,False,0.0,418.0,,
S_src00481,S_src00481__lvl419,True,481,419,onehot_group,False,False,0.0,419.0,,
S_src00481,S_src00481__lvl420,True,481,420,onehot_group,False,False,0.0,420.0,,
S_src00481,S_src00481__lvl421,True,481,421,onehot_group,False,False,0.0,421.0,,
S_src00481,S_src00481__lvl422,True,481,422,onehot_group,False,False,0.0,422.0,,
S_src00481,S_src00481__lvl423,True,481,423,onehot_group,False,False,0.0,423.0,,
S_src00481,S_src00481__lvl424,True,481,424,onehot_group,False,False,0.0,424.0,,
S_src00481,S_src00481__lvl425,True,481,425,onehot_group,False,False,0.0,425.0,,
S_src00481,S_src00481__lvl426,True,481,426,onehot_group,False,False,0.0,426.0,,
S_src00481,S_src00481__lvl427,True,481,427,onehot_group,False,False,0.0,427.0,,
S_src00481,S_src00481__lvl428,True,481,428,onehot_group,False,False,0.0,428.0,,
S_src00481,S_src00481__lvl429,True,481,429,onehot_group,False,False,0.0,429.0,,
S_src00481,S_src00481__lvl430,True,481,430,onehot_group,False,False,0.0,430.0,,
S_src00481,S_src00481__lvl431,True,481,431,onehot_group,False,False,0.0,431.0,,
S_src00481,S_src00481__lvl432,True,481,432,onehot_group,False,False,0.0,432.0,,
S_src00481,S_src00481__lvl433,True,481,433,onehot_group,False,False,0.0,433.0,,
S_src00481,S_src00481__lvl434,True,481,434,onehot_group,False,False,0.0,434.0,,
S_src00481,S_src00481__lvl435,True,481,435,onehot_group,False,False,0.0,435.0,,
S_src00481,S_src00481__lvl436,True,481,436,onehot_group,False,False,0.0,436.0,,
S_src00481,S_src00481__lvl437,True,481,437,onehot_group,False,False,0.0,437.0,,
S_src00481,S_src00481__lvl438,True,481,438,onehot_group,False,False,0.0,438.0,,
S_src00481,S_src00481__lvl439,True,481,439,onehot_group,False,False,0.0,439.0,,
S_src00482,S_src00482__lvl0,True,482,0,onehot_group,False,True,0.0,0.0,,
S_src00482,S_src00482__lvl1,True,482,1,onehot_group,False,False,0.0,1.0,,
S_src00482,S_src00482__lvl2,True,482,2,onehot_group,False,False,0.0,2.0,,
S_src00483,S_src00483__lvl0,True,483,0,onehot_group,False,True,0.0,0.0,,
S_src00483,S_src00483__lvl1,True,483,1,onehot_group,False,False,0.0,1.0,,
S_src00483,S_src00483__lvl2,True,483,2,onehot_group,False,False,0.0,2.0,,
S_src00483,S_src00483__lvl3,True,483,3,onehot_group,False,False,0.0,3.0,,
S_src00483,S_src00483__lvl4,True,483,4,onehot_group,False,False,0.0,4.0,,
S_src00483,S_src00483__lvl5,True,483,5,onehot_group,False,False,0.0,5.0,,
S_src00483,S_src00483__lvl6,True,483,6,onehot_group,False,False,0.0,6.0,,
S_src00483,S_src00483__lvl7,True,483,7,onehot_group,False,False,0.0,7.0,,
S_src00483,S_src00483__lvl8,True,483,8,onehot_group,False,False,0.0,8.0,,
S_src00483,S_src00483__lvl9,True,483,9,onehot_group,False,False,0.0,9.0,,
S_src00483,S_src00483__lvl10,True,483,10,onehot_group,False,False,0.0,10.0,,
S_src00483,S_src00483__lvl11,True,483,11,onehot_group,False,False,0.0,11.0,,
S_src00483,S_src00483__lvl12,True,483,12,onehot_group,False,False,0.0,12.0,,
S_src00483,S_src00483__lvl13,True,483,13,onehot_group,False,False,0.0,13.0,,
S_src00483,S_src00483__lvl14,True,483,14,onehot_group,False,False,0.0,14.0,,
S_src00483,S_src00483__lvl15,True,483,15,onehot_group,False,False,0.0,15.0,,
S_src00483,S_src00483__lvl16,True,483,16,onehot_group,False,False,0.0,16.0,,
S_src00483,S_src00483__lvl17,True,483,17,onehot_group,False,False,0.0,17.0,,
S_src00483,S_src00483__lvl18,True,483,18,onehot_group,False,False,0.0,18.0,,
S_src00483,S_src00483__lvl19,True,483,19,onehot_group,False,False,0.0,19.0,,
S_src00483,S_src00483__lvl20,True,483,20,onehot_group,False,False,0.0,20.0,,
S_src00483,S_src00483__lvl21,True,483,21,onehot_group,False,False,0.0,21.0,,
S_src00483,S_src00483__lvl22,True,483,22,onehot_group,False,False,0.0,22.0,,
S_src00483,S_src00483__lvl23,True,483,23,onehot_group,False,False,0.0,23.0,,
S_src00483,S_src00483__lvl24,True,483,24,onehot_group,False,False,0.0,24.0,,
S_src00483,S_src00483__lvl25,True,483,25,onehot_group,False,False,0.0,25.0,,
S_src00483,S_src00483__lvl26,True,483,26,onehot_group,False,False,0.0,26.0,,
S_src00483,S_src00483__lvl27,True,483,27,onehot_group,False,False,0.0,27.0,,
S_src00483,S_src00483__lvl28,True,483,28,onehot_group,False,False,0.0,28.0,,
S_src00483,S_src00483__lvl29,True,483,29,onehot_group,False,False,0.0,29.0,,
S_src00483,S_src00483__lvl30,True,483,30,onehot_group,False,False,0.0,30.0,,
S_src00483,S_src00483__lvl31,True,483,31,onehot_group,False,False,0.0,31.0,,
S_src00483,S_src00483__lvl32,True,483,32,onehot_group,False,False,0.0,32.0,,
S_src00483,S_src00483__lvl33,True,483,33,onehot_group,False,False,0.0,33.0,,
S_src00483,S_src00483__lvl34,True,483,34,onehot_group,False,False,0.0,34.0,,
S_src00483,S_src00483__lvl35,True,483,35,onehot_group,False,False,0.0,35.0,,
S_src00483,S_src00483__lvl36,True,483,36,onehot_group,False,False,0.0,36.0,,
S_src00483,S_src00483__lvl37,True,483,37,onehot_group,False,False,0.0,37.0,,
S_src00483,S_src00483__lvl38,True,483,38,onehot_group,False,False,0.0,38.0,,
S_src00483,S_src00483__lvl39,True,483,39,onehot_group,False,False,0.0,39.0,,
S_src00483,S_src00483__lvl40,True,483,40,onehot_group,False,False,0.0,40.0,,
S_src00483,S_src00483__lvl41,True,483,41,onehot_group,False,False,0.0,41.0,,
S_src00483,S_src00483__lvl42,True,483,42,onehot_group,False,False,0.0,42.0,,
S_src00483,S_src00483__lvl43,True,483,43,onehot_group,False,False,0.0,43.0,,
S_src00483,S_src00483__lvl44,True,483,44,onehot_group,False,False,0.0,44.0,,
S_src00483,S_src00483__lvl45,True,483,45,onehot_group,False,False,0.0,45.0,,
S_src00483,S_src00483__lvl46,True,483,46,onehot_group,False,False,0.0,46.0,,
S_src00483,S_src00483__lvl47,True,483,47,onehot_group,False,False,0.0,47.0,,
S_src00483,S_src00483__lvl48,True,483,48,onehot_group,False,False,0.0,48.0,,
S_src00483,S_src00483__lvl49,True,483,49,onehot_group,False,False,0.0,49.0,,
S_src00483,S_src00483__lvl50,True,483,50,onehot_group,False,False,0.0,50.0,,
S_src00483,S_src00483__lvl51,True,483,51,onehot_group,False,False,0.0,51.0,,
S_src00483,S_src00483__lvl52,True,483,52,onehot_group,False,False,0.0,52.0,,
S_src00483,S_src00483__lvl53,True,483,53,onehot_group,False,False,0.0,53.0,,
S_src00483,S_src00483__lvl54,True,483,54,onehot_group,False,False,0.0,54.0,,
S_src00483,S_src00483__lvl55,True,483,55,onehot_group,False,False,0.0,55.0,,
S_src00483,S_src00483__lvl56,True,483,56,onehot_group,False,False,0.0,56.0,,
S_src00483,S_src00483__lvl57,True,483,57,onehot_group,False,False,0.0,57.0,,
S_src00483,S_src00483__lvl58,True,483,58,onehot_group,False,False,0.0,58.0,,
S_src00483,S_src00483__lvl59,True,483,59,onehot_group,False,False,0.0,59.0,,
S_src00483,S_src00483__lvl60,True,483,60,onehot_group,False,False,0.0,60.0,,
S_src00483,S_src00483__lvl61,True,483,61,onehot_group,False,False,0.0,61.0,,
S_src00483,S_src00483__lvl62,True,483,62,onehot_group,False,False,0.0,62.0,,
S_src00483,S_src00483__lvl63,True,483,63,onehot_group,False,False,0.0,63.0,,
S_src00483,S_src00483__lvl64,True,483,64,onehot_group,False,False,0.0,64.0,,
S_src00483,S_src00483__lvl65,True,483,65,onehot_group,False,False,0.0,65.0,,
S_src00483,S_src00483__lvl66,True,483,66,onehot_group,False,False,0.0,66.0,,
S_src00483,S_src00483__lvl67,True,483,67,onehot_group,False,False,0.0,67.0,,
S_src00483,S_src00483__lvl68,True,483,68,onehot_group,False,False,0.0,68.0,,
S_src00483,S_src00483__lvl69,True,483,69,onehot_group,False,False,0.0,69.0,,
S_src00483,S_src00483__lvl70,True,483,70,onehot_group,False,False,0.0,70.0,,
S_src00483,S_src00483__lvl71,True,483,71,onehot_group,False,False,0.0,71.0,,
S_src00483,S_src00483__lvl72,True,483,72,onehot_group,False,False,0.0,72.0,,
S_src00483,S_src00483__lvl73,True,483,73,onehot_group,False,False,0.0,73.0,,
S_src00483,S_src00483__lvl74,True,483,74,onehot_group,False,False,0.0,74.0,,
S_src00483,S_src00483__lvl75,True,483,75,onehot_group,False,False,0.0,75.0,,
S_src00483,S_src00483__lvl76,True,483,76,onehot_group,False,False,0.0,76.0,,
S_src00483,S_src00483__lvl77,True,483,77,onehot_group,False,False,0.0,77.0,,
S_src00483,S_src00483__lvl78,True,483,78,onehot_group,False,False,0.0,78.0,,
S_src00483,S_src00483__lvl79,True,483,79,onehot_group,False,False,0.0,79.0,,
S_src00483,S_src00483__lvl80,True,483,80,onehot_group,False,False,0.0,80.0,,
S_src00483,S_src00483__lvl81,True,483,81,onehot_group,False,False,0.0,81.0,,
S_src00483,S_src00483__lvl82,True,483,82,onehot_group,False,False,0.0,82.0,,
S_src00483,S_src00483__lvl83,True,483,83,onehot_group,False,False,0.0,83.0,,
S_src00483,S_src00483__lvl84,True,483,84,onehot_group,False,False,0.0,84.0,,
S_src00483,S_src00483__lvl85,True,483,85,onehot_group,False,False,0.0,85.0,,
S_src00483,S_src00483__lvl86,True,483,86,onehot_group,False,False,0.0,86.0,,
S_src00483,S_src00483__lvl87,True,483,87,onehot_group,False,False,0.0,87.0,,
S_src00483,S_src00483__lvl88,True,483,88,onehot_group,False,False,0.0,88.0,,
S_src00483,S_src00483__lvl89,True,483,89,onehot_group,False,False,0.0,89.0,,
S_src00483,S_src00483__lvl90,True,483,90,onehot_group,False,False,0.0,90.0,,
S_src00483,S_src00483__lvl91,True,483,91,onehot_group,False,False,0.0,91.0,,
S_src00483,S_src00483__lvl92,True,483,92,onehot_group,False,False,0.0,92.0,,
S_src00483,S_src00483__lvl93,True,483,93,onehot_group,False,False,0.0,93.0,,
S_src00483,S_src00483__lvl94,True,483,94,onehot_group,False,False,0.0,94.0,,
S_src00483,S_src00483__lvl95,True,483,95,onehot_group,False,False,0.0,95.0,,
S_src00483,S_src00483__lvl96,True,483,96,onehot_group,False,False,0.0,96.0,,
S_src00483,S_src00483__lvl97,True,483,97,onehot_group,False,False,0.0,97.0,,
S_src00483,S_src00483__lvl98,True,483,98,onehot_group,False,False,0.0,98.0,,
S_src00483,S_src00483__lvl99,True,483,99,onehot_group,False,False,0.0,99.0,,
S_src00483,S_src00483__lvl100,True,483,100,onehot_group,False,False,0.0,100.0,,
S_src00483,S_src00483__lvl101,True,483,101,onehot_group,False,False,0.0,101.0,,
S_src00483,S_src00483__lvl102,True,483,102,onehot_group,False,False,0.0,102.0,,
S_src00483,S_src00483__lvl103,True,483,103,onehot_group,False,False,0.0,103.0,,
S_src00483,S_src00483__lvl104,True,483,104,onehot_group,False,False,0.0,104.0,,
S_src00483,S_src00483__lvl105,True,483,105,onehot_group,False,False,0.0,105.0,,
S_src00483,S_src00483__lvl106,True,483,106,onehot_group,False,False,0.0,106.0,,
S_src00483,S_src00483__lvl107,True,483,107,onehot_group,False,False,0.0,107.0,,
S_src00483,S_src00483__lvl108,True,483,108,onehot_group,False,False,0.0,108.0,,
S_src00483,S_src00483__lvl109,True,483,109,onehot_group,False,False,0.0,109.0,,
S_src00483,S_src00483__lvl110,True,483,110,onehot_group,False,False,0.0,110.0,,
S_src00483,S_src00483__lvl111,True,483,111,onehot_group,False,False,0.0,111.0,,
S_src00483,S_src00483__lvl112,True,483,112,onehot_group,False,False,0.0,112.0,,
S_src00483,S_src00483__lvl113,True,483,113,onehot_group,False,False,0.0,113.0,,
S_src00483,S_src00483__lvl114,True,483,114,onehot_group,False,False,0.0,114.0,,
S_src00483,S_src00483__lvl115,True,483,115,onehot_group,False,False,0.0,115.0,,
S_src00483,S_src00483__lvl116,True,483,116,onehot_group,False,False,0.0,116.0,,
S_src00483,S_src00483__lvl117,True,483,117,onehot_group,False,False,0.0,117.0,,
S_src00483,S_src00483__lvl118,True,483,118,onehot_group,False,False,0.0,118.0,,
S_src00483,S_src00483__lvl119,True,483,119,onehot_group,False,False,0.0,119.0,,
S_src00483,S_src00483__lvl120,True,483,120,onehot_group,False,False,0.0,120.0,,
S_src00483,S_src00483__lvl121,True,483,121,onehot_group,False,False,0.0,121.0,,
S_src00483,S_src00483__lvl122,True,483,122,onehot_group,False,False,0.0,122.0,,
S_src00483,S_src00483__lvl123,True,483,123,onehot_group,False,False,0.0,123.0,,
S_src00483,S_src00483__lvl124,True,483,124,onehot_group,False,False,0.0,124.0,,
S_src00483,S_src00483__lvl125,True,483,125,onehot_group,False,False,0.0,125.0,,
S_src00483,S_src00483__lvl126,True,483,126,onehot_group,False,False,0.0,126.0,,
S_src00483,S_src00483__lvl127,True,483,127,onehot_group,False,False,0.0,127.0,,
S_src00483,S_src00483__lvl128,True,483,128,onehot_group,False,False,0.0,128.0,,
S_src00483,S_src00483__lvl129,True,483,129,onehot_group,False,False,0.0,129.0,,
S_src00483,S_src00483__lvl130,True,483,130,onehot_group,False,False,0.0,130.0,,
S_src00483,S_src00483__lvl131,True,483,131,onehot_group,False,False,0.0,131.0,,
S_src00483,S_src00483__lvl132,True,483,132,onehot_group,False,False,0.0,132.0,,
S_src00483,S_src00483__lvl133,True,483,133,onehot_group,False,False,0.0,133.0,,
S_src00483,S_src00483__lvl134,True,483,134,onehot_group,False,False,0.0,134.0,,
S_src00483,S_src00483__lvl135,True,483,135,onehot_group,False,False,0.0,135.0,,
S_src00483,S_src00483__lvl136,True,483,136,onehot_group,False,False,0.0,136.0,,
S_src00483,S_src00483__lvl137,True,483,137,onehot_group,False,False,0.0,137.0,,
S_src00483,S_src00483__lvl138,True,483,138,onehot_group,False,False,0.0,138.0,,
S_src00483,S_src00483__lvl139,True,483,139,onehot_group,False,False,0.0,139.0,,
S_src00483,S_src00483__lvl140,True,483,140,onehot_group,False,False,0.0,140.0,,
S_src00483,S_src00483__lvl141,True,483,141,onehot_group,False,False,0.0,141.0,,
S_src00483,S_src00483__lvl142,True,483,142,onehot_group,False,False,0.0,142.0,,
S_src00483,S_src00483__lvl143,True,483,143,onehot_group,False,False,0.0,143.0,,
S_src00483,S_src00483__lvl144,True,483,144,onehot_group,False,False,0.0,144.0,,
S_src00483,S_src00483__lvl145,True,483,145,onehot_group,False,False,0.0,145.0,,
S_src00483,S_src00483__lvl146,True,483,146,onehot_group,False,False,0.0,146.0,,
S_src00483,S_src00483__lvl147,True,483,147,onehot_group,False,False,0.0,147.0,,
S_src00483,S_src00483__lvl148,True,483,148,onehot_group,False,False,0.0,148.0,,
S_src00483,S_src00483__lvl149,True,483,149,onehot_group,False,False,0.0,149.0,,
S_src00483,S_src00483__lvl150,True,483,150,onehot_group,False,False,0.0,150.0,,
S_src00483,S_src00483__lvl151,True,483,151,onehot_group,False,False,0.0,151.0,,
S_src00483,S_src00483__lvl152,True,483,152,onehot_group,False,False,0.0,152.0,,
S_src00483,S_src00483__lvl153,True,483,153,onehot_group,False,False,0.0,153.0,,
S_src00483,S_src00483__lvl154,True,483,154,onehot_group,False,False,0.0,154.0,,
S_src00483,S_src00483__lvl155,True,483,155,onehot_group,False,False,0.0,155.0,,
S_src00483,S_src00483__lvl156,True,483,156,onehot_group,False,False,0.0,156.0,,
S_src00483,S_src00483__lvl157,True,483,157,onehot_group,False,False,0.0,157.0,,
S_src00483,S_src00483__lvl158,True,483,158,onehot_group,False,False,0.0,158.0,,
S_src00483,S_src00483__lvl159,True,483,159,onehot_group,False,False,0.0,159.0,,
S_src00483,S_src00483__lvl160,True,483,160,onehot_group,False,False,0.0,160.0,,
S_src00483,S_src00483__lvl161,True,483,161,onehot_group,False,False,0.0,161.0,,
S_src00483,S_src00483__lvl162,True,483,162,onehot_group,False,False,0.0,162.0,,
S_src00483,S_src00483__lvl163,True,483,163,onehot_group,False,False,0.0,163.0,,
S_src00483,S_src00483__lvl164,True,483,164,onehot_group,False,False,0.0,164.0,,
S_src00483,S_src00483__lvl165,True,483,165,onehot_group,False,False,0.0,165.0,,
S_src00483,S_src00483__lvl166,True,483,166,onehot_group,False,False,0.0,166.0,,
S_src00483,S_src00483__lvl167,True,483,167,onehot_group,False,False,0.0,167.0,,
S_src00483,S_src00483__lvl168,True,483,168,onehot_group,False,False,0.0,168.0,,
S_src00483,S_src00483__lvl169,True,483,169,onehot_group,False,False,0.0,169.0,,
S_src00483,S_src00483__lvl170,True,483,170,onehot_group,False,False,0.0,170.0,,
S_src00483,S_src00483__lvl171,True,483,171,onehot_group,False,False,0.0,171.0,,
S_src00483,S_src00483__lvl172,True,483,172,onehot_group,False,False,0.0,172.0,,
S_src00483,S_src00483__lvl173,True,483,173,onehot_group,False,False,0.0,173.0,,
S_src00483,S_src00483__lvl174,True,483,174,onehot_group,False,False,0.0,174.0,,
S_src00483,S_src00483__lvl175,True,483,175,onehot_group,False,False,0.0,175.0,,
S_src00483,S_src00483__lvl176,True,483,176,onehot_group,False,False,0.0,176.0,,
S_src00483,S_src00483__lvl177,True,483,177,onehot_group,False,False,0.0,177.0,,
S_src00483,S_src00483__lvl178,True,483,178,onehot_group,False,False,0.0,178.0,,
S_src00483,S_src00483__lvl179,True,483,179,onehot_group,False,False,0.0,179.0,,
S_src00483,S_src00483__lvl180,True,483,180,onehot_group,False,False,0.0,180.0,,
S_src00483,S_src00483__lvl181,True,483,181,onehot_group,False,False,0.0,181.0,,
S_src00483,S_src00483__lvl182,True,483,182,onehot_group,False,False,0.0,182.0,,
S_src00483,S_src00483__lvl183,True,483,183,onehot_group,False,False,0.0,183.0,,
S_src00483,S_src00483__lvl184,True,483,184,onehot_group,False,False,0.0,184.0,,
S_src00483,S_src00483__lvl185,True,483,185,onehot_group,False,False,0.0,185.0,,
S_src00483,S_src00483__lvl186,True,483,186,onehot_group,False,False,0.0,186.0,,
S_src00483,S_src00483__lvl187,True,483,187,onehot_group,False,False,0.0,187.0,,
S_src00483,S_src00483__lvl188,True,483,188,onehot_group,False,False,0.0,188.0,,
S_src00483,S_src00483__lvl189,True,483,189,onehot_group,False,False,0.0,189.0,,
S_src00483,S_src00483__lvl190,True,483,190,onehot_group,False,False,0.0,190.0,,
S_src00483,S_src00483__lvl191,True,483,191,onehot_group,False,False,0.0,191.0,,
S_src00483,S_src00483__lvl192,True,483,192,onehot_group,False,False,0.0,192.0,,
S_src00483,S_src00483__lvl193,True,483,193,onehot_group,False,False,0.0,193.0,,
S_src00483,S_src00483__lvl194,True,483,194,onehot_group,False,False,0.0,194.0,,
S_src00483,S_src00483__lvl195,True,483,195,onehot_group,False,False,0.0,195.0,,
S_src00483,S_src00483__lvl196,True,483,196,onehot_group,False,False,0.0,196.0,,
S_src00483,S_src00483__lvl197,True,483,197,onehot_group,False,False,0.0,197.0,,
S_src00483,S_src00483__lvl198,True,483,198,onehot_group,False,False,0.0,198.0,,
S_src00483,S_src00483__lvl199,True,483,199,onehot_group,False,False,0.0,199.0,,
S_src00483,S_src00483__lvl200,True,483,200,onehot_group,False,False,0.0,200.0,,
S_src00483,S_src00483__lvl201,True,483,201,onehot_group,False,False,0.0,201.0,,
S_src00483,S_src00483__lvl202,True,483,202,onehot_group,False,False,0.0,202.0,,
S_src00483,S_src00483__lvl203,True,483,203,onehot_group,False,False,0.0,203.0,,
S_src00483,S_src00483__lvl204,True,483,204,onehot_group,False,False,0.0,204.0,,
S_src00483,S_src00483__lvl205,True,483,205,onehot_group,False,False,0.0,205.0,,
S_src00483,S_src00483__lvl206,True,483,206,onehot_group,False,False,0.0,206.0,,
S_src00483,S_src00483__lvl207,True,483,207,onehot_group,False,False,0.0,207.0,,
S_src00483,S_src00483__lvl208,True,483,208,onehot_group,False,False,0.0,208.0,,
S_src00483,S_src00483__lvl209,True,483,209,onehot_group,False,False,0.0,209.0,,
S_src00483,S_src00483__lvl210,True,483,210,onehot_group,False,False,0.0,210.0,,
S_src00483,S_src00483__lvl211,True,483,211,onehot_group,False,False,0.0,211.0,,
S_src00483,S_src00483__lvl212,True,483,212,onehot_group,False,False,0.0,212.0,,
S_src00483,S_src00483__lvl213,True,483,213,onehot_group,False,False,0.0,213.0,,
S_src00483,S_src00483__lvl214,True,483,214,onehot_group,False,False,0.0,214.0,,
S_src00483,S_src00483__lvl215,True,483,215,onehot_group,False,False,0.0,215.0,,
S_src00483,S_src00483__lvl216,True,483,216,onehot_group,False,False,0.0,216.0,,
S_src00483,S_src00483__lvl217,True,483,217,onehot_group,False,False,0.0,217.0,,
S_src00483,S_src00483__lvl218,True,483,218,onehot_group,False,False,0.0,218.0,,
S_src00483,S_src00483__lvl219,True,483,219,onehot_group,False,False,0.0,219.0,,
S_src00483,S_src00483__lvl220,True,483,220,onehot_group,False,False,0.0,220.0,,
S_src00483,S_src00483__lvl221,True,483,221,onehot_group,False,False,0.0,221.0,,
S_src00483,S_src00483__lvl222,True,483,222,onehot_group,False,False,0.0,222.0,,
S_src00483,S_src00483__lvl223,True,483,223,onehot_group,False,False,0.0,223.0,,
S_src00483,S_src00483__lvl224,True,483,224,onehot_group,False,False,0.0,224.0,,
S_src00483,S_src00483__lvl225,True,483,225,onehot_group,False,False,0.0,225.0,,
S_src00483,S_src00483__lvl226,True,483,226,onehot_group,False,False,0.0,226.0,,
S_src00483,S_src00483__lvl227,True,483,227,onehot_group,False,False,0.0,227.0,,
S_src00483,S_src00483__lvl228,True,483,228,onehot_group,False,False,0.0,228.0,,
S_src00483,S_src00483__lvl229,True,483,229,onehot_group,False,False,0.0,229.0,,
S_src00483,S_src00483__lvl230,True,483,230,onehot_group,False,False,0.0,230.0,,
S_src00483,S_src00483__lvl231,True,483,231,onehot_group,False,False,0.0,231.0,,
S_src00483,S_src00483__lvl232,True,483,232,onehot_group,False,False,0.0,232.0,,
S_src00483,S_src00483__lvl233,True,483,233,onehot_group,False,False,0.0,233.0,,
S_src00483,S_src00483__lvl234,True,483,234,onehot_group,False,False,0.0,234.0,,
S_src00483,S_src00483__lvl235,True,483,235,onehot_group,False,False,0.0,235.0,,
S_src00483,S_src00483__lvl236,True,483,236,onehot_group,False,False,0.0,236.0,,
S_src00483,S_src00483__lvl237,True,483,237,onehot_group,False,False,0.0,237.0,,
S_src00483,S_src00483__lvl238,True,483,238,onehot_group,False,False,0.0,238.0,,
S_src00483,S_src00483__lvl239,True,483,239,onehot_group,False,False,0.0,239.0,,
S_src00483,S_src00483__lvl240,True,483,240,onehot_group,False,False,0.0,240.0,,
S_src00483,S_src00483__lvl241,True,483,241,onehot_group,False,False,0.0,241.0,,
S_src00483,S_src00483__lvl242,True,483,242,onehot_group,False,False,0.0,242.0,,
S_src00483,S_src00483__lvl243,True,483,243,onehot_group,False,False,0.0,243.0,,
S_src00483,S_src00483__lvl244,True,483,244,onehot_group,False,False,0.0,244.0,,
S_src00483,S_src00483__lvl245,True,483,245,onehot_group,False,False,0.0,245.0,,
S_src00483,S_src00483__lvl246,True,483,246,onehot_group,False,False,0.0,246.0,,
S_src00483,S_src00483__lvl247,True,483,247,onehot_group,False,False,0.0,247.0,,
S_src00483,S_src00483__lvl248,True,483,248,onehot_group,False,False,0.0,248.0,,
S_src00483,S_src00483__lvl249,True,483,249,onehot_group,False,False,0.0,249.0,,
S_src00483,S_src00483__lvl250,True,483,250,onehot_group,False,False,0.0,250.0,,
S_src00483,S_src00483__lvl251,True,483,251,onehot_group,False,False,0.0,251.0,,
S_src00483,S_src00483__lvl252,True,483,252,onehot_group,False,False,0.0,252.0,,
S_src00483,S_src00483__lvl253,True,483,253,onehot_group,False,False,0.0,253.0,,
S_src00483,S_src00483__lvl254,True,483,254,onehot_group,False,False,0.0,254.0,,
S_src00483,S_src00483__lvl255,True,483,255,onehot_group,False,False,0.0,255.0,,
S_src00483,S_src00483__lvl256,True,483,256,onehot_group,False,False,0.0,256.0,,
S_src00483,S_src00483__lvl257,True,483,257,onehot_group,False,False,0.0,257.0,,
S_src00483,S_src00483__lvl258,True,483,258,onehot_group,False,False,0.0,258.0,,
S_src00483,S_src00483__lvl259,True,483,259,onehot_group,False,False,0.0,259.0,,
S_src00483,S_src00483__lvl260,True,483,260,onehot_group,False,False,0.0,260.0,,
S_src00483,S_src00483__lvl261,True,483,261,onehot_group,False,False,0.0,261.0,,
S_src00483,S_src00483__lvl262,True,483,262,onehot_group,False,False,0.0,262.0,,
S_src00483,S_src00483__lvl263,True,483,263,onehot_group,False,False,0.0,263.0,,
S_src00483,S_src00483__lvl264,True,483,264,onehot_group,False,False,0.0,264.0,,
S_src00483,S_src00483__lvl265,True,483,265,onehot_group,False,False,0.0,265.0,,
S_src00483,S_src00483__lvl266,True,483,266,onehot_group,False,False,0.0,266.0,,
S_src00483,S_src00483__lvl267,True,483,267,onehot_group,False,False,0.0,267.0,,
S_src00483,S_src00483__lvl268,True,483,268,onehot_group,False,False,0.0,268.0,,
S_src00483,S_src00483__lvl269,True,483,269,onehot_group,False,False,0.0,269.0,,
S_src00483,S_src00483__lvl270,True,483,270,onehot_group,False,False,0.0,270.0,,
S_src00483,S_src00483__lvl271,True,483,271,onehot_group,False,False,0.0,271.0,,
S_src00483,S_src00483__lvl272,True,483,272,onehot_group,False,False,0.0,272.0,,
S_src00483,S_src00483__lvl273,True,483,273,onehot_group,False,False,0.0,273.0,,
S_src00483,S_src00483__lvl274,True,483,274,onehot_group,False,False,0.0,274.0,,
S_src00483,S_src00483__lvl275,True,483,275,onehot_group,False,False,0.0,275.0,,
S_src00483,S_src00483__lvl276,True,483,276,onehot_group,False,False,0.0,276.0,,
S_src00483,S_src00483__lvl277,True,483,277,onehot_group,False,False,0.0,277.0,,
S_src00483,S_src00483__lvl278,True,483,278,onehot_group,False,False,0.0,278.0,,
S_src00483,S_src00483__lvl279,True,483,279,onehot_group,False,False,0.0,279.0,,
S_src00483,S_src00483__lvl280,True,483,280,onehot_group,False,False,0.0,280.0,,
S_src00483,S_src00483__lvl281,True,483,281,onehot_group,False,False,0.0,281.0,,
S_src00483,S_src00483__lvl282,True,483,282,onehot_group,False,False,0.0,282.0,,
S_src00483,S_src00483__lvl283,True,483,283,onehot_group,False,False,0.0,283.0,,
S_src00483,S_src00483__lvl284,True,483,284,onehot_group,False,False,0.0,284.0,,
S_src00483,S_src00483__lvl285,True,483,285,onehot_group,False,False,0.0,285.0,,
S_src00483,S_src00483__lvl286,True,483,286,onehot_group,False,False,0.0,286.0,,
S_src00483,S_src00483__lvl287,True,483,287,onehot_group,False,False,0.0,287.0,,
S_src00483,S_src00483__lvl288,True,483,288,onehot_group,False,False,0.0,288.0,,
S_src00483,S_src00483__lvl289,True,483,289,onehot_group,False,False,0.0,289.0,,
S_src00483,S_src00483__lvl290,True,483,290,onehot_group,False,False,0.0,290.0,,
S_src00483,S_src00483__lvl291,True,483,291,onehot_group,False,False,0.0,291.0,,
S_src00483,S_src00483__lvl292,True,483,292,onehot_group,False,False,0.0,292.0,,
S_src00483,S_src00483__lvl293,True,483,293,onehot_group,False,False,0.0,293.0,,
S_src00483,S_src00483__lvl294,True,483,294,onehot_group,False,False,0.0,294.0,,
S_src00483,S_src00483__lvl295,True,483,295,onehot_group,False,False,0.0,295.0,,
S_src00483,S_src00483__lvl296,True,483,296,onehot_group,False,False,0.0,296.0,,
S_src00483,S_src00483__lvl297,True,483,297,onehot_group,False,False,0.0,297.0,,
S_src00483,S_src00483__lvl298,True,483,298,onehot_group,False,False,0.0,298.0,,
S_src00483,S_src00483__lvl299,True,483,299,onehot_group,False,False,0.0,299.0,,
S_src00483,S_src00483__lvl300,True,483,300,onehot_group,False,False,0.0,300.0,,
S_src00483,S_src00483__lvl301,True,483,301,onehot_group,False,False,0.0,301.0,,
S_src00483,S_src00483__lvl302,True,483,302,onehot_group,False,False,0.0,302.0,,
S_src00483,S_src00483__lvl303,True,483,303,onehot_group,False,False,0.0,303.0,,
S_src00483,S_src00483__lvl304,True,483,304,onehot_group,False,False,0.0,304.0,,
S_src00483,S_src00483__lvl305,True,483,305,onehot_group,False,False,0.0,305.0,,
S_src00483,S_src00483__lvl306,True,483,306,onehot_group,False,False,0.0,306.0,,
S_src00483,S_src00483__lvl307,True,483,307,onehot_group,False,False,0.0,307.0,,
S_src00483,S_src00483__lvl308,True,483,308,onehot_group,False,False,0.0,308.0,,
S_src00483,S_src00483__lvl309,True,483,309,onehot_group,False,False,0.0,309.0,,
S_src00483,S_src00483__lvl310,True,483,310,onehot_group,False,False,0.0,310.0,,
S_src00483,S_src00483__lvl311,True,483,311,onehot_group,False,False,0.0,311.0,,
S_src00483,S_src00483__lvl312,True,483,312,onehot_group,False,False,0.0,312.0,,
S_src00483,S_src00483__lvl313,True,483,313,onehot_group,False,False,0.0,313.0,,
S_src00483,S_src00483__lvl314,True,483,314,onehot_group,False,False,0.0,314.0,,
S_src00483,S_src00483__lvl315,True,483,315,onehot_group,False,False,0.0,315.0,,
S_src00483,S_src00483__lvl316,True,483,316,onehot_group,False,False,0.0,316.0,,
S_src00483,S_src00483__lvl317,True,483,317,onehot_group,False,False,0.0,317.0,,
S_src00483,S_src00483__lvl318,True,483,318,onehot_group,False,False,0.0,318.0,,
S_src00483,S_src00483__lvl319,True,483,319,onehot_group,False,False,0.0,319.0,,
S_src00483,S_src00483__lvl320,True,483,320,onehot_group,False,False,0.0,320.0,,
S_src00483,S_src00483__lvl321,True,483,321,onehot_group,False,False,0.0,321.0,,
S_src00483,S_src00483__lvl322,True,483,322,onehot_group,False,False,0.0,322.0,,
S_src00483,S_src00483__lvl323,True,483,323,onehot_group,False,False,0.0,323.0,,
S_src00483,S_src00483__lvl324,True,483,324,onehot_group,False,False,0.0,324.0,,
S_src00483,S_src00483__lvl325,True,483,325,onehot_group,False,False,0.0,325.0,,
S_src00483,S_src00483__lvl326,True,483,326,onehot_group,False,False,0.0,326.0,,
S_src00483,S_src00483__lvl327,True,483,327,onehot_group,False,False,0.0,327.0,,
S_src00483,S_src00483__lvl328,True,483,328,onehot_group,False,False,0.0,328.0,,
S_src00483,S_src00483__lvl329,True,483,329,onehot_group,False,False,0.0,329.0,,
S_src00483,S_src00483__lvl330,True,483,330,onehot_group,False,False,0.0,330.0,,
S_src00483,S_src00483__lvl331,True,483,331,onehot_group,False,False,0.0,331.0,,
S_src00483,S_src00483__lvl332,True,483,332,onehot_group,False,False,0.0,332.0,,
S_src00483,S_src00483__lvl333,True,483,333,onehot_group,False,False,0.0,333.0,,
S_src00483,S_src00483__lvl334,True,483,334,onehot_group,False,False,0.0,334.0,,
S_src00483,S_src00483__lvl335,True,483,335,onehot_group,False,False,0.0,335.0,,
S_src00483,S_src00483__lvl336,True,483,336,onehot_group,False,False,0.0,336.0,,
S_src00483,S_src00483__lvl337,True,483,337,onehot_group,False,False,0.0,337.0,,
S_src00483,S_src00483__lvl338,True,483,338,onehot_group,False,False,0.0,338.0,,
S_src00483,S_src00483__lvl339,True,483,339,onehot_group,False,False,0.0,339.0,,
S_src00483,S_src00483__lvl340,True,483,340,onehot_group,False,False,0.0,340.0,,
S_src00483,S_src00483__lvl341,True,483,341,onehot_group,False,False,0.0,341.0,,
S_src00483,S_src00483__lvl342,True,483,342,onehot_group,False,False,0.0,342.0,,
S_src00483,S_src00483__lvl343,True,483,343,onehot_group,False,False,0.0,343.0,,
S_src00483,S_src00483__lvl344,True,483,344,onehot_group,False,False,0.0,344.0,,
S_src00483,S_src00483__lvl345,True,483,345,onehot_group,False,False,0.0,345.0,,
S_src00483,S_src00483__lvl346,True,483,346,onehot_group,False,False,0.0,346.0,,
S_src00483,S_src00483__lvl347,True,483,347,onehot_group,False,False,0.0,347.0,,
S_src00483,S_src00483__lvl348,True,483,348,onehot_group,False,False,0.0,348.0,,
S_src00483,S_src00483__lvl349,True,483,349,onehot_group,False,False,0.0,349.0,,
S_src00483,S_src00483__lvl350,True,483,350,onehot_group,False,False,0.0,350.0,,
S_src00483,S_src00483__lvl351,True,483,351,onehot_group,False,False,0.0,351.0,,
S_src00483,S_src00483__lvl352,True,483,352,onehot_group,False,False,0.0,352.0,,
S_src00483,S_src00483__lvl353,True,483,353,onehot_group,False,False,0.0,353.0,,
S_src00483,S_src00483__lvl354,True,483,354,onehot_group,False,False,0.0,354.0,,
S_src00483,S_src00483__lvl355,True,483,355,onehot_group,False,False,0.0,355.0,,
S_src00483,S_src00483__lvl356,True,483,356,onehot_group,False,False,0.0,356.0,,
S_src00483,S_src00483__lvl357,True,483,357,onehot_group,False,False,0.0,357.0,,
S_src00483,S_src00483__lvl358,True,483,358,onehot_group,False,False,0.0,358.0,,
S_src00483,S_src00483__lvl359,True,483,359,onehot_group,False,False,0.0,359.0,,
S_src00483,S_src00483__lvl360,True,483,360,onehot_group,False,False,0.0,360.0,,
S_src00483,S_src00483__lvl361,True,483,361,onehot_group,False,False,0.0,361.0,,
S_src00483,S_src00483__lvl362,True,483,362,onehot_group,False,False,0.0,362.0,,
S_src00483,S_src00483__lvl363,True,483,363,onehot_group,False,False,0.0,363.0,,
S_src00483,S_src00483__lvl364,True,483,364,onehot_group,False,False,0.0,364.0,,
S_src00483,S_src00483__lvl365,True,483,365,onehot_group,False,False,0.0,365.0,,
S_src00483,S_src00483__lvl366,True,483,366,onehot_group,False,False,0.0,366.0,,
S_src00483,S_src00483__lvl367,True,483,367,onehot_group,False,False,0.0,367.0,,
S_src00483,S_src00483__lvl368,True,483,368,onehot_group,False,False,0.0,368.0,,
S_src00483,S_src00483__lvl369,True,483,369,onehot_group,False,False,0.0,369.0,,
S_src00483,S_src00483__lvl370,True,483,370,onehot_group,False,False,0.0,370.0,,
S_src00483,S_src00483__lvl371,True,483,371,onehot_group,False,False,0.0,371.0,,
S_src00483,S_src00483__lvl372,True,483,372,onehot_group,False,False,0.0,372.0,,
S_src00483,S_src00483__lvl373,True,483,373,onehot_group,False,False,0.0,373.0,,
S_src00483,S_src00483__lvl374,True,483,374,onehot_group,False,False,0.0,374.0,,
S_src00483,S_src00483__lvl375,True,483,375,onehot_group,False,False,0.0,375.0,,
S_src00483,S_src00483__lvl376,True,483,376,onehot_group,False,False,0.0,376.0,,
S_src00483,S_src00483__lvl377,True,483,377,onehot_group,False,False,0.0,377.0,,
S_src00483,S_src00483__lvl378,True,483,378,onehot_group,False,False,0.0,378.0,,
S_src00483,S_src00483__lvl379,True,483,379,onehot_group,False,False,0.0,379.0,,
S_src00483,S_src00483__lvl380,True,483,380,onehot_group,False,False,0.0,380.0,,
S_src00483,S_src00483__lvl381,True,483,381,onehot_group,False,False,0.0,381.0,,
S_src00483,S_src00483__lvl382,True,483,382,onehot_group,False,False,0.0,382.0,,
S_src00483,S_src00483__lvl383,True,483,383,onehot_group,False,False,0.0,383.0,,
S_src00483,S_src00483__lvl384,True,483,384,onehot_group,False,False,0.0,384.0,,
S_src00483,S_src00483__lvl385,True,483,385,onehot_group,False,False,0.0,385.0,,
S_src00483,S_src00483__lvl386,True,483,386,onehot_group,False,False,0.0,386.0,,
S_src00483,S_src00483__lvl387,True,483,387,onehot_group,False,False,0.0,387.0,,
S_src00483,S_src00483__lvl388,True,483,388,onehot_group,False,False,0.0,388.0,,
S_src00483,S_src00483__lvl389,True,483,389,onehot_group,False,False,0.0,389.0,,
S_src00483,S_src00483__lvl390,True,483,390,onehot_group,False,False,0.0,390.0,,
S_src00483,S_src00483__lvl391,True,483,391,onehot_group,False,False,0.0,391.0,,
S_src00483,S_src00483__lvl392,True,483,392,onehot_group,False,False,0.0,392.0,,
S_src00483,S_src00483__lvl393,True,483,393,onehot_group,False,False,0.0,393.0,,
S_src00483,S_src00483__lvl394,True,483,394,onehot_group,False,False,0.0,394.0,,
S_src00483,S_src00483__lvl395,True,483,395,onehot_group,False,False,0.0,395.0,,
S_src00483,S_src00483__lvl396,True,483,396,onehot_group,False,False,0.0,396.0,,
S_src00483,S_src00483__lvl397,True,483,397,onehot_group,False,False,0.0,397.0,,
S_src00483,S_src00483__lvl398,True,483,398,onehot_group,False,False,0.0,398.0,,
S_src00483,S_src00483__lvl399,True,483,399,onehot_group,False,False,0.0,399.0,,
S_src00483,S_src00483__lvl400,True,483,400,onehot_group,False,False,0.0,400.0,,
S_src00483,S_src00483__lvl401,True,483,401,onehot_group,False,False,0.0,401.0,,
S_src00483,S_src00483__lvl402,True,483,402,onehot_group,False,False,0.0,402.0,,
S_src00483,S_src00483__lvl403,True,483,403,onehot_group,False,False,0.0,403.0,,
S_src00483,S_src00483__lvl404,True,483,404,onehot_group,False,False,0.0,404.0,,
S_src00483,S_src00483__lvl405,True,483,405,onehot_group,False,False,0.0,405.0,,
S_src00483,S_src00483__lvl406,True,483,406,onehot_group,False,False,0.0,406.0,,
S_src00483,S_src00483__lvl407,True,483,407,onehot_group,False,False,0.0,407.0,,
S_src00483,S_src00483__lvl408,True,483,408,onehot_group,False,False,0.0,408.0,,
S_src00483,S_src00483__lvl409,True,483,409,onehot_group,False,False,0.0,409.0,,
S_src00483,S_src00483__lvl410,True,483,410,onehot_group,False,False,0.0,410.0,,
S_src00483,S_src00483__lvl411,True,483,411,onehot_group,False,False,0.0,411.0,,
S_src00483,S_src00483__lvl412,True,483,412,onehot_group,False,False,0.0,412.0,,
S_src00483,S_src00483__lvl413,True,483,413,onehot_group,False,False,0.0,413.0,,
S_src00483,S_src00483__lvl414,True,483,414,onehot_group,False,False,0.0,414.0,,
S_src00483,S_src00483__lvl415,True,483,415,onehot_group,False,False,0.0,415.0,,
S_src00483,S_src00483__lvl416,True,483,416,onehot_group,False,False,0.0,416.0,,
S_src00483,S_src00483__lvl417,True,483,417,onehot_group,False,False,0.0,417.0,,
S_src00483,S_src00483__lvl418,True,483,418,onehot_group,False,False,0.0,418.0,,
S_src00483,S_src00483__lvl419,True,483,419,onehot_group,False,False,0.0,419.0,,
S_src00483,S_src00483__lvl420,True,483,420,onehot_group,False,False,0.0,420.0,,
S_src00483,S_src00483__lvl421,True,483,421,onehot_group,False,False,0.0,421.0,,
S_src00483,S_src00483__lvl422,True,483,422,onehot_group,False,False,0.0,422.0,,
S_src00483,S_src00483__lvl423,True,483,423,onehot_group,False,False,0.0,423.0,,
S_src00483,S_src00483__lvl424,True,483,424,onehot_group,False,False,0.0,424.0,,
S_src00483,S_src00483__lvl425,True,483,425,onehot_group,False,False,0.0,425.0,,
S_src00483,S_src00483__lvl426,True,483,426,onehot_group,False,False,0.0,426.0,,
S_src00483,S_src00483__lvl427,True,483,427,onehot_group,False,False,0.0,427.0,,
S_src00483,S_src00483__lvl428,True,483,428,onehot_group,False,False,0.0,428.0,,
S_src00483,S_src00483__lvl429,True,483,429,onehot_group,False,False,0.0,429.0,,
S_src00483,S_src00483__lvl430,True,483,430,onehot_group,False,False,0.0,430.0,,
S_src00484,S_src00484__lvl0,True,484,0,onehot_group,False,True,0.0,0.0,,
S_src00484,S_src00484__lvl1,True,484,1,onehot_group,False,False,0.0,1.0,,
S_src00484,S_src00484__lvl2,True,484,2,onehot_group,False,False,0.0,2.0,,
S_src00485,S_src00485__lvl0,True,485,0,onehot_group,False,True,0.0,0.0,,
S_src00485,S_src00485__lvl1,True,485,1,onehot_group,False,False,0.0,1.0,,
S_src00485,S_src00485__lvl2,True,485,2,onehot_group,False,False,0.0,2.0,,
S_src00485,S_src00485__lvl3,True,485,3,onehot_group,False,False,0.0,3.0,,
S_src00486,S_src00486__lvl0,True,486,0,onehot_group,False,True,0.0,0.0,,
S_src00486,S_src00486__lvl1,True,486,1,onehot_group,False,False,0.0,1.0,,
S_src00486,S_src00486__lvl2,True,486,2,onehot_group,False,False,0.0,2.0,,
S_src00486,S_src00486__lvl3,True,486,3,onehot_group,False,False,0.0,3.0,,
S_src00487,S_src00487__lvl0,True,487,0,onehot_group,False,True,0.0,0.0,,
S_src00487,S_src00487__lvl1,True,487,1,onehot_group,False,False,0.0,1.0,,
S_src00487,S_src00487__lvl2,True,487,2,onehot_group,False,False,0.0,2.0,,
S_src00487,S_src00487__lvl3,True,487,3,onehot_group,False,False,0.0,3.0,,
S_src00488,S_src00488__lvl0,True,488,0,onehot_group,False,True,0.0,0.0,,
S_src00488,S_src00488__lvl1,True,488,1,onehot_group,False,False,0.0,1.0,,
S_src00488,S_src00488__lvl2,True,488,2,onehot_group,False,False,0.0,2.0,,
S_src00488,S_src00488__lvl3,True,488,3,onehot_group,False,False,0.0,3.0,,
S_src00489,S_src00489__lvl0,True,489,0,onehot_group,False,True,0.0,0.0,,
S_src00489,S_src00489__lvl1,True,489,1,onehot_group,False,False,0.0,1.0,,
S_src00490,S_src00490__lvl0,True,490,0,onehot_group,False,True,0.0,0.0,,
S_src00490,S_src00490__lvl1,True,490,1,onehot_group,False,False,0.0,1.0,,
S_src00491,S_src00491__lvl0,True,491,0,onehot_group,False,True,0.0,0.0,,
S_src00491,S_src00491__lvl1,True,491,1,onehot_group,False,False,0.0,1.0,,
S_src00492,S_src00492__lvl0,True,492,0,onehot_group,False,True,0.0,0.0,,
S_src00492,S_src00492__lvl1,True,492,1,onehot_group,False,False,0.0,1.0,,
S_src00493,S_src00493__lvl0,True,493,0,onehot_group,False,True,0.0,0.0,,
S_src00493,S_src00493__lvl1,True,493,1,onehot_group,False,False,0.0,1.0,,
S_src00493,S_src00493__lvl2,True,493,2,onehot_group,False,False,0.0,2.0,,
S_src00493,S_src00493__lvl3,True,493,3,onehot_group,False,False,0.0,3.0,,
S_src00493,S_src00493__lvl4,True,493,4,onehot_group,False,False,0.0,4.0,,
S_src00493,S_src00493__lvl5,True,493,5,onehot_group,False,False,0.0,5.0,,
S_src00493,S_src00493__lvl6,True,493,6,onehot_group,False,False,0.0,6.0,,
S_src00493,S_src00493__lvl7,True,493,7,onehot_group,False,False,0.0,7.0,,
S_src00493,S_src00493__lvl8,True,493,8,onehot_group,False,False,0.0,8.0,,
S_src00493,S_src00493__lvl9,True,493,9,onehot_group,False,False,0.0,9.0,,
S_src00493,S_src00493__lvl10,True,493,10,onehot_group,False,False,0.0,10.0,,
S_src00494,S_src00494__lvl0,True,494,0,onehot_group,False,True,0.0,0.0,,
S_src00494,S_src00494__lvl1,True,494,1,onehot_group,False,False,0.0,1.0,,
S_src00494,S_src00494__lvl2,True,494,2,onehot_group,False,False,0.0,2.0,,
S_src00494,S_src00494__lvl3,True,494,3,onehot_group,False,False,0.0,3.0,,
S_src00494,S_src00494__lvl4,True,494,4,onehot_group,False,False,0.0,4.0,,
S_src00494,S_src00494__lvl5,True,494,5,onehot_group,False,False,0.0,5.0,,
S_src00494,S_src00494__lvl6,True,494,6,onehot_group,False,False,0.0,6.0,,
S_src00494,S_src00494__lvl7,True,494,7,onehot_group,False,False,0.0,7.0,,
S_src00494,S_src00494__lvl8,True,494,8,onehot_group,False,False,0.0,8.0,,
S_src00494,S_src00494__lvl9,True,494,9,onehot_group,False,False,0.0,9.0,,
S_src00495,S_src00495__lvl0,True,495,0,onehot_group,False,True,0.0,0.0,,
S_src00495,S_src00495__lvl1,True,495,1,onehot_group,False,False,0.0,1.0,,
S_src00496,S_src00496__lvl0,True,496,0,onehot_group,False,True,0.0,0.0,,
S_src00496,S_src00496__lvl1,True,496,1,onehot_group,False,False,0.0,1.0,,
